dateiname,id,rezept,land,kontinent,gang,art,prompt
chakhchoukha.jpg,chakhchoukha,Chakhchoukha,Algerien,Afrika,Hauptgericht,"Fleisch, Lamm","Food-Fotografie: Chakhchoukha, Hauptgericht aus Algerien. Im Bild klar erkennbar: dünnes Fladenbrot, Lammfleisch, Zwiebeln. Schrägsicht von 45 Grad, serviert in flache Servierplatte oder große Schale, eine Portion angerichtet, der Rest angedeutet im Hintergrund. Untergrund: gehämmertes Messingtablett auf gemusterten Zementfliesen; eine Tajine-Schale und ein Bund frische Minze am Rand. Natürliches Fensterlicht von links, weiche Schatten, kein Blitz, kein Studioglanz. Wie mit 50-mm-Objektiv bei Blende f/4 fotografiert, Hintergrund leicht unscharf, Gericht scharf. Gedeckte warme Palette aus Leinen, Sand und Ton, keine grellen Farben, kein Weißabgleich ins Kalte. Ehrlich und appetitlich statt hochglanzpoliert, so wie es zu Hause auf den Tisch kommt, keine Perfektion. Querformat 3:2, Gericht mittig mit Luft nach allen Seiten. NICHT: kein Text, keine Schrift, keine Buchstaben, kein Logo, kein Wasserzeichen, keine Hände, keine Menschen, kein Besteck in Bewegung, keine Collage, kein Rahmen, kein Rand."
chorba-frik-algerische-lammsuppe.jpg,chorba-frik-algerische-lammsuppe,Chorba Frik — algerische Lammsuppe mit Grünkern,Algerien,Afrika,Vorspeise,"Fleisch, Lamm","Food-Fotografie: Chorba Frik — algerische Lammsuppe mit Grünkern, Vorspeise aus Algerien. Im Bild klar erkennbar: Lammschulter, Frik, Zwiebel. Angerichtet wie beschrieben: Mit einem Spritzer Zitrone und warmem Fladenbrot. Aufsicht von 90 Grad, serviert auf kleiner flacher Teller, viel freie Fläche um den Teller. Untergrund: gehämmertes Messingtablett auf gemusterten Zementfliesen; eine Tajine-Schale und ein Bund frische Minze am Rand. Natürliches Fensterlicht von links, weiche Schatten, kein Blitz, kein Studioglanz. Wie mit 50-mm-Objektiv bei Blende f/4 fotografiert, Hintergrund leicht unscharf, Gericht scharf. Gedeckte warme Palette aus Leinen, Sand und Ton, keine grellen Farben, kein Weißabgleich ins Kalte. Ehrlich und appetitlich statt hochglanzpoliert, so wie es zu Hause auf den Tisch kommt, keine Perfektion. Querformat 3:2, Gericht mittig mit Luft nach allen Seiten. NICHT: kein Text, keine Schrift, keine Buchstaben, kein Logo, kein Wasserzeichen, keine Hände, keine Menschen, kein Besteck in Bewegung, keine Collage, kein Rahmen, kein Rand."
chorba-frik.jpg,chorba-frik,Chorba frik,Algerien,Afrika,Suppe,,"Food-Fotografie: Chorba frik, Suppe aus Algerien. Im Bild klar erkennbar: Lammfleisch, Frik, Zwiebeln. Leichte Schrägsicht von 30 Grad, serviert in tiefer Steingutteller, der Dampf gerade noch sichtbar. Untergrund: gehämmertes Messingtablett auf gemusterten Zementfliesen; eine Tajine-Schale und ein Bund frische Minze am Rand. Natürliches Fensterlicht von links, weiche Schatten, kein Blitz, kein Studioglanz. Wie mit 50-mm-Objektiv bei Blende f/4 fotografiert, Hintergrund leicht unscharf, Gericht scharf. Gedeckte warme Palette aus Leinen, Sand und Ton, keine grellen Farben, kein Weißabgleich ins Kalte. Ehrlich und appetitlich statt hochglanzpoliert, so wie es zu Hause auf den Tisch kommt, keine Perfektion. Querformat 3:2, Gericht mittig mit Luft nach allen Seiten. NICHT: kein Text, keine Schrift, keine Buchstaben, kein Logo, kein Wasserzeichen, keine Hände, keine Menschen, kein Besteck in Bewegung, keine Collage, kein Rahmen, kein Rand."
couscous-royale-mit-lamm-haehnchen-und-merguez.jpg,couscous-royale-mit-lamm-haehnchen-und-merguez,"Couscous Royale mit Lamm, Hähnchen und Merguez",Algerien,Afrika,Hauptgericht,"Fleisch, Geflügel, Lamm","Food-Fotografie: Couscous Royale mit Lamm, Hähnchen und Merguez, Hauptgericht aus Algerien. Im Bild klar erkennbar: Couscous, Lammschulter, Hähnchenkeulen. Schrägsicht von 45 Grad, serviert in flache Servierplatte oder große Schale, eine Portion angerichtet, der Rest angedeutet im Hintergrund. Untergrund: gehämmertes Messingtablett auf gemusterten Zementfliesen; eine Tajine-Schale und ein Bund frische Minze am Rand. Natürliches Fensterlicht von links, weiche Schatten, kein Blitz, kein Studioglanz. Wie mit 50-mm-Objektiv bei Blende f/4 fotografiert, Hintergrund leicht unscharf, Gericht scharf. Gedeckte warme Palette aus Leinen, Sand und Ton, keine grellen Farben, kein Weißabgleich ins Kalte. Ehrlich und appetitlich statt hochglanzpoliert, so wie es zu Hause auf den Tisch kommt, keine Perfektion. Querformat 3:2, Gericht mittig mit Luft nach allen Seiten. NICHT: kein Text, keine Schrift, keine Buchstaben, kein Logo, kein Wasserzeichen, keine Hände, keine Menschen, kein Besteck in Bewegung, keine Collage, kein Rahmen, kein Rand."
kalb-el-louz.jpg,kalb-el-louz,Kalb el louz,Algerien,Afrika,Dessert,Vegetarisch,"Food-Fotografie: Kalb el louz, Dessert aus Algerien. Im Bild klar erkennbar: feiner Grieß, gemahlene Mandeln, geschmolzene Butter. Fast auf Augenhöhe, 20 Grad, serviert in Kuchenteller oder Glasschale, die Schichten oder die Kruste sichtbar. Untergrund: gehämmertes Messingtablett auf gemusterten Zementfliesen; eine Tajine-Schale und ein Bund frische Minze am Rand. Natürliches Fensterlicht von links, weiche Schatten, kein Blitz, kein Studioglanz. Wie mit 50-mm-Objektiv bei Blende f/4 fotografiert, Hintergrund leicht unscharf, Gericht scharf. Gedeckte warme Palette aus Leinen, Sand und Ton, keine grellen Farben, kein Weißabgleich ins Kalte. Ehrlich und appetitlich statt hochglanzpoliert, so wie es zu Hause auf den Tisch kommt, keine Perfektion. Querformat 3:2, Gericht mittig mit Luft nach allen Seiten. NICHT: kein Text, keine Schrift, keine Buchstaben, kein Logo, kein Wasserzeichen, keine Hände, keine Menschen, kein Besteck in Bewegung, keine Collage, kein Rahmen, kein Rand."
makroud-griessrauten-mit-datteln.jpg,makroud-griessrauten-mit-datteln,Makroud — Grießrauten mit Datteln,Algerien,Afrika,Dessert,Vegetarisch,"Food-Fotografie: Makroud — Grießrauten mit Datteln, Dessert aus Algerien. Im Bild klar erkennbar: Hartweizengrieß, entsteinte Datteln, Zimt. Angerichtet wie beschrieben: Zu Pfefferminztee, in kleinen Mengen — sie sind reichhaltig. Fast auf Augenhöhe, 20 Grad, serviert in Kuchenteller oder Glasschale, die Schichten oder die Kruste sichtbar. Untergrund: gehämmertes Messingtablett auf gemusterten Zementfliesen; eine Tajine-Schale und ein Bund frische Minze am Rand. Natürliches Fensterlicht von links, weiche Schatten, kein Blitz, kein Studioglanz. Wie mit 50-mm-Objektiv bei Blende f/4 fotografiert, Hintergrund leicht unscharf, Gericht scharf. Gedeckte warme Palette aus Leinen, Sand und Ton, keine grellen Farben, kein Weißabgleich ins Kalte. Ehrlich und appetitlich statt hochglanzpoliert, so wie es zu Hause auf den Tisch kommt, keine Perfektion. Querformat 3:2, Gericht mittig mit Luft nach allen Seiten. NICHT: kein Text, keine Schrift, keine Buchstaben, kein Logo, kein Wasserzeichen, keine Hände, keine Menschen, kein Besteck in Bewegung, keine Collage, kein Rahmen, kein Rand."
asida.jpg,asida,Asida,Libyen,Afrika,Frühstück,Vegetarisch,"Food-Fotografie: Asida, Frühstück aus Libyen. Im Bild klar erkennbar: Dattelsirup  oder Honig, Butter. Schrägsicht von 45 Grad, serviert auf Frühstücksbrett oder Teller, Morgenlicht, ein Tuch beiläufig danebengelegt. Untergrund: gehämmertes Messingtablett auf gemusterten Zementfliesen; eine Tajine-Schale und ein Bund frische Minze am Rand. Natürliches Fensterlicht von links, weiche Schatten, kein Blitz, kein Studioglanz. Wie mit 50-mm-Objektiv bei Blende f/4 fotografiert, Hintergrund leicht unscharf, Gericht scharf. Gedeckte warme Palette aus Leinen, Sand und Ton, keine grellen Farben, kein Weißabgleich ins Kalte. Ehrlich und appetitlich statt hochglanzpoliert, so wie es zu Hause auf den Tisch kommt, keine Perfektion. Querformat 3:2, Gericht mittig mit Luft nach allen Seiten. NICHT: kein Text, keine Schrift, keine Buchstaben, kein Logo, kein Wasserzeichen, keine Hände, keine Menschen, kein Besteck in Bewegung, keine Collage, kein Rahmen, kein Rand."
bazin.jpg,bazin,Bazin,Libyen,Afrika,Hauptgericht,"Fleisch, Lamm","Food-Fotografie: Bazin, Hauptgericht aus Libyen. Im Bild klar erkennbar: Lammfleisch, Zwiebeln, Kartoffeln. Schrägsicht von 45 Grad, serviert in flache Servierplatte oder große Schale, eine Portion angerichtet, der Rest angedeutet im Hintergrund. Untergrund: gehämmertes Messingtablett auf gemusterten Zementfliesen; eine Tajine-Schale und ein Bund frische Minze am Rand. Natürliches Fensterlicht von links, weiche Schatten, kein Blitz, kein Studioglanz. Wie mit 50-mm-Objektiv bei Blende f/4 fotografiert, Hintergrund leicht unscharf, Gericht scharf. Gedeckte warme Palette aus Leinen, Sand und Ton, keine grellen Farben, kein Weißabgleich ins Kalte. Ehrlich und appetitlich statt hochglanzpoliert, so wie es zu Hause auf den Tisch kommt, keine Perfektion. Querformat 3:2, Gericht mittig mit Luft nach allen Seiten. NICHT: kein Text, keine Schrift, keine Buchstaben, kein Logo, kein Wasserzeichen, keine Hände, keine Menschen, kein Besteck in Bewegung, keine Collage, kein Rahmen, kein Rand."
sharba-libiya.jpg,sharba-libiya,Sharba libiya,Libyen,Afrika,Suppe,,"Food-Fotografie: Sharba libiya, Suppe aus Libyen. Im Bild klar erkennbar: Lammfleisch, Zwiebel, Tomatenmark. Leichte Schrägsicht von 30 Grad, serviert in tiefer Steingutteller, der Dampf gerade noch sichtbar. Untergrund: gehämmertes Messingtablett auf gemusterten Zementfliesen; eine Tajine-Schale und ein Bund frische Minze am Rand. Natürliches Fensterlicht von links, weiche Schatten, kein Blitz, kein Studioglanz. Wie mit 50-mm-Objektiv bei Blende f/4 fotografiert, Hintergrund leicht unscharf, Gericht scharf. Gedeckte warme Palette aus Leinen, Sand und Ton, keine grellen Farben, kein Weißabgleich ins Kalte. Ehrlich und appetitlich statt hochglanzpoliert, so wie es zu Hause auf den Tisch kommt, keine Perfektion. Querformat 3:2, Gericht mittig mit Luft nach allen Seiten. NICHT: kein Text, keine Schrift, keine Buchstaben, kein Logo, kein Wasserzeichen, keine Hände, keine Menschen, kein Besteck in Bewegung, keine Collage, kein Rahmen, kein Rand."
couscous-aux-sept-l-gumes.jpg,couscous-aux-sept-l-gumes,Couscous aux sept légumes,Marokko,Afrika,Hauptgericht,"Fleisch, Lamm","Food-Fotografie: Couscous aux sept légumes, Hauptgericht aus Marokko. Im Bild klar erkennbar: Couscous, Lammfleisch, Möhren. Schrägsicht von 45 Grad, serviert in flache Servierplatte oder große Schale, eine Portion angerichtet, der Rest angedeutet im Hintergrund. Untergrund: gehämmertes Messingtablett auf gemusterten Zementfliesen; eine Tajine-Schale und ein Bund frische Minze am Rand. Natürliches Fensterlicht von links, weiche Schatten, kein Blitz, kein Studioglanz. Wie mit 50-mm-Objektiv bei Blende f/4 fotografiert, Hintergrund leicht unscharf, Gericht scharf. Gedeckte warme Palette aus Leinen, Sand und Ton, keine grellen Farben, kein Weißabgleich ins Kalte. Ehrlich und appetitlich statt hochglanzpoliert, so wie es zu Hause auf den Tisch kommt, keine Perfektion. Querformat 3:2, Gericht mittig mit Luft nach allen Seiten. NICHT: kein Text, keine Schrift, keine Buchstaben, kein Logo, kein Wasserzeichen, keine Hände, keine Menschen, kein Besteck in Bewegung, keine Collage, kein Rahmen, kein Rand."
haehnchen-tajine-mit-zitrone-und-oliven.jpg,haehnchen-tajine-mit-zitrone-und-oliven,Hähnchen-Tajine mit Salzzitrone und Oliven,Marokko,Afrika,Hauptgericht,Geflügel,"Food-Fotografie: Hähnchen-Tajine mit Salzzitrone und Oliven, Hauptgericht aus Marokko. Im Bild klar erkennbar: Hähnchenteile, grüne Oliven, Zwiebeln. Angerichtet wie beschrieben: Mit Fladenbrot oder Couscous, der den Sud aufnimmt. Schrägsicht von 45 Grad, serviert in flache Servierplatte oder große Schale, eine Portion angerichtet, der Rest angedeutet im Hintergrund. Untergrund: gehämmertes Messingtablett auf gemusterten Zementfliesen; eine Tajine-Schale und ein Bund frische Minze am Rand. Natürliches Fensterlicht von links, weiche Schatten, kein Blitz, kein Studioglanz. Wie mit 50-mm-Objektiv bei Blende f/4 fotografiert, Hintergrund leicht unscharf, Gericht scharf. Gedeckte warme Palette aus Leinen, Sand und Ton, keine grellen Farben, kein Weißabgleich ins Kalte. Ehrlich und appetitlich statt hochglanzpoliert, so wie es zu Hause auf den Tisch kommt, keine Perfektion. Querformat 3:2, Gericht mittig mit Luft nach allen Seiten. NICHT: kein Text, keine Schrift, keine Buchstaben, kein Logo, kein Wasserzeichen, keine Hände, keine Menschen, kein Besteck in Bewegung, keine Collage, kein Rahmen, kein Rand."
kaab-el-ghzal.jpg,kaab-el-ghzal,Kaab el ghzal,Marokko,Afrika,Dessert,Vegetarisch,"Food-Fotografie: Kaab el ghzal, Dessert aus Marokko. Im Bild klar erkennbar: Butter, gemahlene Mandeln, Zimt. Fast auf Augenhöhe, 20 Grad, serviert in Kuchenteller oder Glasschale, die Schichten oder die Kruste sichtbar. Untergrund: gehämmertes Messingtablett auf gemusterten Zementfliesen; eine Tajine-Schale und ein Bund frische Minze am Rand. Natürliches Fensterlicht von links, weiche Schatten, kein Blitz, kein Studioglanz. Wie mit 50-mm-Objektiv bei Blende f/4 fotografiert, Hintergrund leicht unscharf, Gericht scharf. Gedeckte warme Palette aus Leinen, Sand und Ton, keine grellen Farben, kein Weißabgleich ins Kalte. Ehrlich und appetitlich statt hochglanzpoliert, so wie es zu Hause auf den Tisch kommt, keine Perfektion. Querformat 3:2, Gericht mittig mit Luft nach allen Seiten. NICHT: kein Text, keine Schrift, keine Buchstaben, kein Logo, kein Wasserzeichen, keine Hände, keine Menschen, kein Besteck in Bewegung, keine Collage, kein Rahmen, kein Rand."
tajine-de-poulet-aux-citrons-confits.jpg,tajine-de-poulet-aux-citrons-confits,Tajine de poulet aux citrons confits,Marokko,Afrika,Hauptgericht,Geflügel,"Food-Fotografie: Tajine de poulet aux citrons confits, Hauptgericht aus Marokko. Im Bild klar erkennbar: Hähnchen, grüne Oliven, Zwiebeln. Schrägsicht von 45 Grad, serviert in flache Servierplatte oder große Schale, eine Portion angerichtet, der Rest angedeutet im Hintergrund. Untergrund: gehämmertes Messingtablett auf gemusterten Zementfliesen; eine Tajine-Schale und ein Bund frische Minze am Rand. Natürliches Fensterlicht von links, weiche Schatten, kein Blitz, kein Studioglanz. Wie mit 50-mm-Objektiv bei Blende f/4 fotografiert, Hintergrund leicht unscharf, Gericht scharf. Gedeckte warme Palette aus Leinen, Sand und Ton, keine grellen Farben, kein Weißabgleich ins Kalte. Ehrlich und appetitlich statt hochglanzpoliert, so wie es zu Hause auf den Tisch kommt, keine Perfektion. Querformat 3:2, Gericht mittig mit Luft nach allen Seiten. NICHT: kein Text, keine Schrift, keine Buchstaben, kein Logo, kein Wasserzeichen, keine Hände, keine Menschen, kein Besteck in Bewegung, keine Collage, kein Rahmen, kein Rand."
couscous-mauritanien.jpg,couscous-mauritanien,Couscous mauritanien,Mauretanien,Afrika,Hauptgericht,"Fleisch, Lamm","Food-Fotografie: Couscous mauritanien, Hauptgericht aus Mauretanien. Im Bild klar erkennbar: Couscous, Lammfleisch, Möhren. Schrägsicht von 45 Grad, serviert in flache Servierplatte oder große Schale, eine Portion angerichtet, der Rest angedeutet im Hintergrund. Untergrund: schlichter Holztisch in Sandton; ein Leinentuch am Rand. Natürliches Fensterlicht von links, weiche Schatten, kein Blitz, kein Studioglanz. Wie mit 50-mm-Objektiv bei Blende f/4 fotografiert, Hintergrund leicht unscharf, Gericht scharf. Gedeckte warme Palette aus Leinen, Sand und Ton, keine grellen Farben, kein Weißabgleich ins Kalte. Ehrlich und appetitlich statt hochglanzpoliert, so wie es zu Hause auf den Tisch kommt, keine Perfektion. Querformat 3:2, Gericht mittig mit Luft nach allen Seiten. NICHT: kein Text, keine Schrift, keine Buchstaben, kein Logo, kein Wasserzeichen, keine Hände, keine Menschen, kein Besteck in Bewegung, keine Collage, kein Rahmen, kein Rand."
lakh.jpg,lakh,Lakh,Mauretanien,Afrika,Frühstück,Vegetarisch,"Food-Fotografie: Lakh, Frühstück aus Mauretanien. Im Bild klar erkennbar: feiner Hirse-Couscous, Milch oder Joghurt, leicht gesäuerte Milch. Schrägsicht von 45 Grad, serviert auf Frühstücksbrett oder Teller, Morgenlicht, ein Tuch beiläufig danebengelegt. Untergrund: schlichter Holztisch in Sandton; ein Leinentuch am Rand. Natürliches Fensterlicht von links, weiche Schatten, kein Blitz, kein Studioglanz. Wie mit 50-mm-Objektiv bei Blende f/4 fotografiert, Hintergrund leicht unscharf, Gericht scharf. Gedeckte warme Palette aus Leinen, Sand und Ton, keine grellen Farben, kein Weißabgleich ins Kalte. Ehrlich und appetitlich statt hochglanzpoliert, so wie es zu Hause auf den Tisch kommt, keine Perfektion. Querformat 3:2, Gericht mittig mit Luft nach allen Seiten. NICHT: kein Text, keine Schrift, keine Buchstaben, kein Logo, kein Wasserzeichen, keine Hände, keine Menschen, kein Besteck in Bewegung, keine Collage, kein Rahmen, kein Rand."
mechoui.jpg,mechoui,Mechoui,Mauretanien,Afrika,Hauptgericht,"Fleisch, Lamm","Food-Fotografie: Mechoui, Hauptgericht aus Mauretanien. Im Bild klar erkennbar: Lammschulter oder -keule, Butter oder Schmalz vom Lamm, gemahlener Kreuzkümmel. Schrägsicht von 45 Grad, serviert in flache Servierplatte oder große Schale, eine Portion angerichtet, der Rest angedeutet im Hintergrund. Untergrund: schlichter Holztisch in Sandton; ein Leinentuch am Rand. Natürliches Fensterlicht von links, weiche Schatten, kein Blitz, kein Studioglanz. Wie mit 50-mm-Objektiv bei Blende f/4 fotografiert, Hintergrund leicht unscharf, Gericht scharf. Gedeckte warme Palette aus Leinen, Sand und Ton, keine grellen Farben, kein Weißabgleich ins Kalte. Ehrlich und appetitlich statt hochglanzpoliert, so wie es zu Hause auf den Tisch kommt, keine Perfektion. Querformat 3:2, Gericht mittig mit Luft nach allen Seiten. NICHT: kein Text, keine Schrift, keine Buchstaben, kein Logo, kein Wasserzeichen, keine Hände, keine Menschen, kein Besteck in Bewegung, keine Collage, kein Rahmen, kein Rand."
brik.jpg,brik,Brik,Tunesien,Afrika,Vorspeise,Fisch,"Food-Fotografie: Brik, Vorspeise aus Tunesien. Im Bild klar erkennbar: Malsouka- oder Filoteigblätter, Eier, Thunfisch. Aufsicht von 90 Grad, serviert auf kleiner flacher Teller, viel freie Fläche um den Teller. Untergrund: gehämmertes Messingtablett auf gemusterten Zementfliesen; eine Tajine-Schale und ein Bund frische Minze am Rand. Natürliches Fensterlicht von links, weiche Schatten, kein Blitz, kein Studioglanz. Wie mit 50-mm-Objektiv bei Blende f/4 fotografiert, Hintergrund leicht unscharf, Gericht scharf. Gedeckte warme Palette aus Leinen, Sand und Ton, keine grellen Farben, kein Weißabgleich ins Kalte. Ehrlich und appetitlich statt hochglanzpoliert, so wie es zu Hause auf den Tisch kommt, keine Perfektion. Querformat 3:2, Gericht mittig mit Luft nach allen Seiten. NICHT: kein Text, keine Schrift, keine Buchstaben, kein Logo, kein Wasserzeichen, keine Hände, keine Menschen, kein Besteck in Bewegung, keine Collage, kein Rahmen, kein Rand."
couscous-tunisien-au-poisson.jpg,couscous-tunisien-au-poisson,Couscous tunisien au poisson,Tunesien,Afrika,Hauptgericht,Fisch,"Food-Fotografie: Couscous tunisien au poisson, Hauptgericht aus Tunesien. Im Bild klar erkennbar: Couscous, fester Fisch, Harissa. Schrägsicht von 45 Grad, serviert in flache Servierplatte oder große Schale, eine Portion angerichtet, der Rest angedeutet im Hintergrund. Untergrund: gehämmertes Messingtablett auf gemusterten Zementfliesen; eine Tajine-Schale und ein Bund frische Minze am Rand. Natürliches Fensterlicht von links, weiche Schatten, kein Blitz, kein Studioglanz. Wie mit 50-mm-Objektiv bei Blende f/4 fotografiert, Hintergrund leicht unscharf, Gericht scharf. Gedeckte warme Palette aus Leinen, Sand und Ton, keine grellen Farben, kein Weißabgleich ins Kalte. Ehrlich und appetitlich statt hochglanzpoliert, so wie es zu Hause auf den Tisch kommt, keine Perfektion. Querformat 3:2, Gericht mittig mit Luft nach allen Seiten. NICHT: kein Text, keine Schrift, keine Buchstaben, kein Logo, kein Wasserzeichen, keine Hände, keine Menschen, kein Besteck in Bewegung, keine Collage, kein Rahmen, kein Rand."
lablabi.jpg,lablabi,Lablabi,Tunesien,Afrika,Frühstück,Vegetarisch,"Food-Fotografie: Lablabi, Frühstück aus Tunesien. Im Bild klar erkennbar: getrocknete Kichererbsen, Knoblauch, gemahlener Kreuzkümmel. Schrägsicht von 45 Grad, serviert auf Frühstücksbrett oder Teller, Morgenlicht, ein Tuch beiläufig danebengelegt. Untergrund: gehämmertes Messingtablett auf gemusterten Zementfliesen; eine Tajine-Schale und ein Bund frische Minze am Rand. Natürliches Fensterlicht von links, weiche Schatten, kein Blitz, kein Studioglanz. Wie mit 50-mm-Objektiv bei Blende f/4 fotografiert, Hintergrund leicht unscharf, Gericht scharf. Gedeckte warme Palette aus Leinen, Sand und Ton, keine grellen Farben, kein Weißabgleich ins Kalte. Ehrlich und appetitlich statt hochglanzpoliert, so wie es zu Hause auf den Tisch kommt, keine Perfektion. Querformat 3:2, Gericht mittig mit Luft nach allen Seiten. NICHT: kein Text, keine Schrift, keine Buchstaben, kein Logo, kein Wasserzeichen, keine Hände, keine Menschen, kein Besteck in Bewegung, keine Collage, kein Rahmen, kein Rand."
atay.jpg,atay,Atay,Westsahara,Afrika,Getränk,"Vegetarisch, Vegan","Food-Fotografie: Atay, Getränk aus Westsahara. Im Bild klar erkennbar: grüner Tee, frische Minze. Auf Augenhöhe, serviert in einfaches Glas oder Tasse, ein zweites Glas angeschnitten im Hintergrund. Untergrund: schlichter Holztisch in Sandton; ein Leinentuch am Rand. Natürliches Fensterlicht von links, weiche Schatten, kein Blitz, kein Studioglanz. Wie mit 50-mm-Objektiv bei Blende f/4 fotografiert, Hintergrund leicht unscharf, Gericht scharf. Gedeckte warme Palette aus Leinen, Sand und Ton, keine grellen Farben, kein Weißabgleich ins Kalte. Ehrlich und appetitlich statt hochglanzpoliert, so wie es zu Hause auf den Tisch kommt, keine Perfektion. Querformat 3:2, Gericht mittig mit Luft nach allen Seiten. NICHT: kein Text, keine Schrift, keine Buchstaben, kein Logo, kein Wasserzeichen, keine Hände, keine Menschen, kein Besteck in Bewegung, keine Collage, kein Rahmen, kein Rand."
couscous-sahraoui.jpg,couscous-sahraoui,Couscous sahraoui,Westsahara,Afrika,Hauptgericht,"Fleisch, Lamm","Food-Fotografie: Couscous sahraoui, Hauptgericht aus Westsahara. Im Bild klar erkennbar: Couscous, Lammfleisch, Zwiebeln. Schrägsicht von 45 Grad, serviert in flache Servierplatte oder große Schale, eine Portion angerichtet, der Rest angedeutet im Hintergrund. Untergrund: schlichter Holztisch in Sandton; ein Leinentuch am Rand. Natürliches Fensterlicht von links, weiche Schatten, kein Blitz, kein Studioglanz. Wie mit 50-mm-Objektiv bei Blende f/4 fotografiert, Hintergrund leicht unscharf, Gericht scharf. Gedeckte warme Palette aus Leinen, Sand und Ton, keine grellen Farben, kein Weißabgleich ins Kalte. Ehrlich und appetitlich statt hochglanzpoliert, so wie es zu Hause auf den Tisch kommt, keine Perfektion. Querformat 3:2, Gericht mittig mit Luft nach allen Seiten. NICHT: kein Text, keine Schrift, keine Buchstaben, kein Logo, kein Wasserzeichen, keine Hände, keine Menschen, kein Besteck in Bewegung, keine Collage, kein Rahmen, kein Rand."
khobz-dafun.jpg,khobz-dafun,Khobz dafun,Westsahara,Afrika,Beilage,"Vegetarisch, Vegan","Food-Fotografie: Khobz dafun, Beilage aus Westsahara. Schrägsicht von 45 Grad, serviert in kleine Schüssel, als Teil eines größeren Tisches angedeutet. Untergrund: schlichter Holztisch in Sandton; ein Leinentuch am Rand. Natürliches Fensterlicht von links, weiche Schatten, kein Blitz, kein Studioglanz. Wie mit 50-mm-Objektiv bei Blende f/4 fotografiert, Hintergrund leicht unscharf, Gericht scharf. Gedeckte warme Palette aus Leinen, Sand und Ton, keine grellen Farben, kein Weißabgleich ins Kalte. Ehrlich und appetitlich statt hochglanzpoliert, so wie es zu Hause auf den Tisch kommt, keine Perfektion. Querformat 3:2, Gericht mittig mit Luft nach allen Seiten. NICHT: kein Text, keine Schrift, keine Buchstaben, kein Logo, kein Wasserzeichen, keine Hände, keine Menschen, kein Besteck in Bewegung, keine Collage, kein Rahmen, kein Rand."
ful-medames.jpg,ful-medames,Ful medames,Ägypten,Afrika,Frühstück,"Vegetarisch, Vegan","Food-Fotografie: Ful medames, Frühstück aus Ägypten. Im Bild klar erkennbar: getrocknete Saubohnen, Zitronen, Knoblauch. Schrägsicht von 45 Grad, serviert auf Frühstücksbrett oder Teller, Morgenlicht, ein Tuch beiläufig danebengelegt. Untergrund: gehämmertes Messingtablett auf gemusterten Zementfliesen; eine Tajine-Schale und ein Bund frische Minze am Rand. Natürliches Fensterlicht von links, weiche Schatten, kein Blitz, kein Studioglanz. Wie mit 50-mm-Objektiv bei Blende f/4 fotografiert, Hintergrund leicht unscharf, Gericht scharf. Gedeckte warme Palette aus Leinen, Sand und Ton, keine grellen Farben, kein Weißabgleich ins Kalte. Ehrlich und appetitlich statt hochglanzpoliert, so wie es zu Hause auf den Tisch kommt, keine Perfektion. Querformat 3:2, Gericht mittig mit Luft nach allen Seiten. NICHT: kein Text, keine Schrift, keine Buchstaben, kein Logo, kein Wasserzeichen, keine Hände, keine Menschen, kein Besteck in Bewegung, keine Collage, kein Rahmen, kein Rand."
koshari.jpg,koshari,Koshari,Ägypten,Afrika,Hauptgericht,"Vegetarisch, Vegan","Food-Fotografie: Koshari, Hauptgericht aus Ägypten. Im Bild klar erkennbar: Reis, braune Linsen, kleine Nudeln. Schrägsicht von 45 Grad, serviert in flache Servierplatte oder große Schale, eine Portion angerichtet, der Rest angedeutet im Hintergrund. Untergrund: gehämmertes Messingtablett auf gemusterten Zementfliesen; eine Tajine-Schale und ein Bund frische Minze am Rand. Natürliches Fensterlicht von links, weiche Schatten, kein Blitz, kein Studioglanz. Wie mit 50-mm-Objektiv bei Blende f/4 fotografiert, Hintergrund leicht unscharf, Gericht scharf. Gedeckte warme Palette aus Leinen, Sand und Ton, keine grellen Farben, kein Weißabgleich ins Kalte. Ehrlich und appetitlich statt hochglanzpoliert, so wie es zu Hause auf den Tisch kommt, keine Perfektion. Querformat 3:2, Gericht mittig mit Luft nach allen Seiten. NICHT: kein Text, keine Schrift, keine Buchstaben, kein Logo, kein Wasserzeichen, keine Hände, keine Menschen, kein Besteck in Bewegung, keine Collage, kein Rahmen, kein Rand."
molokhia.jpg,molokhia,Molokhia,Ägypten,Afrika,Suppe,,"Food-Fotografie: Molokhia, Suppe aus Ägypten. Im Bild klar erkennbar: Molokhia-Blätter, Hähnchen, Knoblauch. Leichte Schrägsicht von 30 Grad, serviert in tiefer Steingutteller, der Dampf gerade noch sichtbar. Untergrund: gehämmertes Messingtablett auf gemusterten Zementfliesen; eine Tajine-Schale und ein Bund frische Minze am Rand. Natürliches Fensterlicht von links, weiche Schatten, kein Blitz, kein Studioglanz. Wie mit 50-mm-Objektiv bei Blende f/4 fotografiert, Hintergrund leicht unscharf, Gericht scharf. Gedeckte warme Palette aus Leinen, Sand und Ton, keine grellen Farben, kein Weißabgleich ins Kalte. Ehrlich und appetitlich statt hochglanzpoliert, so wie es zu Hause auf den Tisch kommt, keine Perfektion. Querformat 3:2, Gericht mittig mit Luft nach allen Seiten. NICHT: kein Text, keine Schrift, keine Buchstaben, kein Logo, kein Wasserzeichen, keine Hände, keine Menschen, kein Besteck in Bewegung, keine Collage, kein Rahmen, kein Rand."
byrek-me-spinaq.jpg,byrek-me-spinaq,Byrek me spinaq,Albanien,Europa,Hauptgericht,Vegetarisch,"Food-Fotografie: Byrek me spinaq, Hauptgericht aus Albanien. Im Bild klar erkennbar: Filo- oder Yufka-Teigblätter, frischer Spinat, Feta oder gjizë. Schrägsicht von 45 Grad, serviert in flache Servierplatte oder große Schale, eine Portion angerichtet, der Rest angedeutet im Hintergrund. Untergrund: abgenutztes dunkles Holz; ein emaillierter Krug und getrocknete Paprika am Rand. Natürliches Fensterlicht von links, weiche Schatten, kein Blitz, kein Studioglanz. Wie mit 50-mm-Objektiv bei Blende f/4 fotografiert, Hintergrund leicht unscharf, Gericht scharf. Gedeckte warme Palette aus Leinen, Sand und Ton, keine grellen Farben, kein Weißabgleich ins Kalte. Ehrlich und appetitlich statt hochglanzpoliert, so wie es zu Hause auf den Tisch kommt, keine Perfektion. Querformat 3:2, Gericht mittig mit Luft nach allen Seiten. NICHT: kein Text, keine Schrift, keine Buchstaben, kein Logo, kein Wasserzeichen, keine Hände, keine Menschen, kein Besteck in Bewegung, keine Collage, kein Rahmen, kein Rand."
f-rges.jpg,f-rges,Fërgesë,Albanien,Europa,Vorspeise,Vegetarisch,"Food-Fotografie: Fërgesë, Vorspeise aus Albanien. Im Bild klar erkennbar: rote Spitzpaprika, reife Tomaten, gjizë. Aufsicht von 90 Grad, serviert auf kleiner flacher Teller, viel freie Fläche um den Teller. Untergrund: abgenutztes dunkles Holz; ein emaillierter Krug und getrocknete Paprika am Rand. Natürliches Fensterlicht von links, weiche Schatten, kein Blitz, kein Studioglanz. Wie mit 50-mm-Objektiv bei Blende f/4 fotografiert, Hintergrund leicht unscharf, Gericht scharf. Gedeckte warme Palette aus Leinen, Sand und Ton, keine grellen Farben, kein Weißabgleich ins Kalte. Ehrlich und appetitlich statt hochglanzpoliert, so wie es zu Hause auf den Tisch kommt, keine Perfektion. Querformat 3:2, Gericht mittig mit Luft nach allen Seiten. NICHT: kein Text, keine Schrift, keine Buchstaben, kein Logo, kein Wasserzeichen, keine Hände, keine Menschen, kein Besteck in Bewegung, keine Collage, kein Rahmen, kein Rand."
tav-kosi.jpg,tav-kosi,Tavë kosi,Albanien,Europa,Hauptgericht,"Fleisch, Lamm","Food-Fotografie: Tavë kosi, Hauptgericht aus Albanien. Im Bild klar erkennbar: Lammschulter oder -keule, Butter, Reis. Schrägsicht von 45 Grad, serviert in flache Servierplatte oder große Schale, eine Portion angerichtet, der Rest angedeutet im Hintergrund. Untergrund: abgenutztes dunkles Holz; ein emaillierter Krug und getrocknete Paprika am Rand. Natürliches Fensterlicht von links, weiche Schatten, kein Blitz, kein Studioglanz. Wie mit 50-mm-Objektiv bei Blende f/4 fotografiert, Hintergrund leicht unscharf, Gericht scharf. Gedeckte warme Palette aus Leinen, Sand und Ton, keine grellen Farben, kein Weißabgleich ins Kalte. Ehrlich und appetitlich statt hochglanzpoliert, so wie es zu Hause auf den Tisch kommt, keine Perfektion. Querformat 3:2, Gericht mittig mit Luft nach allen Seiten. NICHT: kein Text, keine Schrift, keine Buchstaben, kein Logo, kein Wasserzeichen, keine Hände, keine Menschen, kein Besteck in Bewegung, keine Collage, kein Rahmen, kein Rand."
coca.jpg,coca,Coca,Andorra,Europa,Snack,Vegetarisch,"Food-Fotografie: Coca, Snack aus Andorra. Im Bild klar erkennbar: lauwarme Milch, Pinienkerne, Anis oder abgeriebene Zitronenschale. Aufsicht von 90 Grad, serviert auf Holzbrett oder Papier, mehrere Stücke locker verteilt. Untergrund: unbehandelter Terrakotta-Untergrund; ein Olivenholzbrett und ein Zweig Rosmarin am Rand. Natürliches Fensterlicht von links, weiche Schatten, kein Blitz, kein Studioglanz. Wie mit 50-mm-Objektiv bei Blende f/4 fotografiert, Hintergrund leicht unscharf, Gericht scharf. Gedeckte warme Palette aus Leinen, Sand und Ton, keine grellen Farben, kein Weißabgleich ins Kalte. Ehrlich und appetitlich statt hochglanzpoliert, so wie es zu Hause auf den Tisch kommt, keine Perfektion. Querformat 3:2, Gericht mittig mit Luft nach allen Seiten. NICHT: kein Text, keine Schrift, keine Buchstaben, kein Logo, kein Wasserzeichen, keine Hände, keine Menschen, kein Besteck in Bewegung, keine Collage, kein Rahmen, kein Rand."
trinxat.jpg,trinxat,Trinxat,Andorra,Europa,Hauptgericht,Vegetarisch,"Food-Fotografie: Trinxat, Hauptgericht aus Andorra. Im Bild klar erkennbar: kleiner Wirsing, Knoblauch, geräuchertes Rind oder luftgetrocknetes Lamm. Schrägsicht von 45 Grad, serviert in flache Servierplatte oder große Schale, eine Portion angerichtet, der Rest angedeutet im Hintergrund. Untergrund: unbehandelter Terrakotta-Untergrund; ein Olivenholzbrett und ein Zweig Rosmarin am Rand. Natürliches Fensterlicht von links, weiche Schatten, kein Blitz, kein Studioglanz. Wie mit 50-mm-Objektiv bei Blende f/4 fotografiert, Hintergrund leicht unscharf, Gericht scharf. Gedeckte warme Palette aus Leinen, Sand und Ton, keine grellen Farben, kein Weißabgleich ins Kalte. Ehrlich und appetitlich statt hochglanzpoliert, so wie es zu Hause auf den Tisch kommt, keine Perfektion. Querformat 3:2, Gericht mittig mit Luft nach allen Seiten. NICHT: kein Text, keine Schrift, keine Buchstaben, kein Logo, kein Wasserzeichen, keine Hände, keine Menschen, kein Besteck in Bewegung, keine Collage, kein Rahmen, kein Rand."
truita-de-riu-a-l-andorrana.jpg,truita-de-riu-a-l-andorrana,Truita de riu a l'andorrana,Andorra,Europa,Hauptgericht,Fisch,"Food-Fotografie: Truita de riu a l'andorrana, Hauptgericht aus Andorra. Im Bild klar erkennbar: küchenfertige Bachforellen, Knoblauch, Zitrone. Schrägsicht von 45 Grad, serviert in flache Servierplatte oder große Schale, eine Portion angerichtet, der Rest angedeutet im Hintergrund. Untergrund: unbehandelter Terrakotta-Untergrund; ein Olivenholzbrett und ein Zweig Rosmarin am Rand. Natürliches Fensterlicht von links, weiche Schatten, kein Blitz, kein Studioglanz. Wie mit 50-mm-Objektiv bei Blende f/4 fotografiert, Hintergrund leicht unscharf, Gericht scharf. Gedeckte warme Palette aus Leinen, Sand und Ton, keine grellen Farben, kein Weißabgleich ins Kalte. Ehrlich und appetitlich statt hochglanzpoliert, so wie es zu Hause auf den Tisch kommt, keine Perfektion. Querformat 3:2, Gericht mittig mit Luft nach allen Seiten. NICHT: kein Text, keine Schrift, keine Buchstaben, kein Logo, kein Wasserzeichen, keine Hände, keine Menschen, kein Besteck in Bewegung, keine Collage, kein Rahmen, kein Rand."
chaladnik.jpg,chaladnik,Chaladnik,Belarus,Europa,Vorspeise,Vegetarisch,"Food-Fotografie: Chaladnik, Vorspeise aus Belarus. Im Bild klar erkennbar: Kefir, Rote Bete, Salatgurke. Aufsicht von 90 Grad, serviert auf kleiner flacher Teller, viel freie Fläche um den Teller. Untergrund: dunkler Holztisch mit sichtbaren Gebrauchsspuren; eine emaillierte Schüssel und ein Leinentuch mit Kreuzstichkante. Natürliches Fensterlicht von links, weiche Schatten, kein Blitz, kein Studioglanz. Wie mit 50-mm-Objektiv bei Blende f/4 fotografiert, Hintergrund leicht unscharf, Gericht scharf. Gedeckte warme Palette aus Leinen, Sand und Ton, keine grellen Farben, kein Weißabgleich ins Kalte. Ehrlich und appetitlich statt hochglanzpoliert, so wie es zu Hause auf den Tisch kommt, keine Perfektion. Querformat 3:2, Gericht mittig mit Luft nach allen Seiten. NICHT: kein Text, keine Schrift, keine Buchstaben, kein Logo, kein Wasserzeichen, keine Hände, keine Menschen, kein Besteck in Bewegung, keine Collage, kein Rahmen, kein Rand."
draniki.jpg,draniki,Draniki,Belarus,Europa,Hauptgericht,Vegetarisch,"Food-Fotografie: Draniki, Hauptgericht aus Belarus. Im Bild klar erkennbar: Zwiebel, saure Sahne zum Servieren. Schrägsicht von 45 Grad, serviert in flache Servierplatte oder große Schale, eine Portion angerichtet, der Rest angedeutet im Hintergrund. Untergrund: dunkler Holztisch mit sichtbaren Gebrauchsspuren; eine emaillierte Schüssel und ein Leinentuch mit Kreuzstichkante. Natürliches Fensterlicht von links, weiche Schatten, kein Blitz, kein Studioglanz. Wie mit 50-mm-Objektiv bei Blende f/4 fotografiert, Hintergrund leicht unscharf, Gericht scharf. Gedeckte warme Palette aus Leinen, Sand und Ton, keine grellen Farben, kein Weißabgleich ins Kalte. Ehrlich und appetitlich statt hochglanzpoliert, so wie es zu Hause auf den Tisch kommt, keine Perfektion. Querformat 3:2, Gericht mittig mit Luft nach allen Seiten. NICHT: kein Text, keine Schrift, keine Buchstaben, kein Logo, kein Wasserzeichen, keine Hände, keine Menschen, kein Besteck in Bewegung, keine Collage, kein Rahmen, kein Rand."
kartoflyanaya-babka.jpg,kartoflyanaya-babka,Kartoflyanaya babka,Belarus,Europa,Hauptgericht,Vegetarisch,"Food-Fotografie: Kartoflyanaya babka, Hauptgericht aus Belarus. Im Bild klar erkennbar: Zwiebeln, Eier, Butter. Schrägsicht von 45 Grad, serviert in flache Servierplatte oder große Schale, eine Portion angerichtet, der Rest angedeutet im Hintergrund. Untergrund: dunkler Holztisch mit sichtbaren Gebrauchsspuren; eine emaillierte Schüssel und ein Leinentuch mit Kreuzstichkante. Natürliches Fensterlicht von links, weiche Schatten, kein Blitz, kein Studioglanz. Wie mit 50-mm-Objektiv bei Blende f/4 fotografiert, Hintergrund leicht unscharf, Gericht scharf. Gedeckte warme Palette aus Leinen, Sand und Ton, keine grellen Farben, kein Weißabgleich ins Kalte. Ehrlich und appetitlich statt hochglanzpoliert, so wie es zu Hause auf den Tisch kommt, keine Perfektion. Querformat 3:2, Gericht mittig mit Luft nach allen Seiten. NICHT: kein Text, keine Schrift, keine Buchstaben, kein Logo, kein Wasserzeichen, keine Hände, keine Menschen, kein Besteck in Bewegung, keine Collage, kein Rahmen, kein Rand."
carbonade-flamande.jpg,carbonade-flamande,Carbonade flamande,Belgien,Europa,Hauptgericht,Fleisch,"Food-Fotografie: Carbonade flamande, Hauptgericht aus Belgien. Im Bild klar erkennbar: Rindfleisch zum Schmoren, Zwiebeln, dunkles belgisches Bier. Schrägsicht von 45 Grad, serviert in flache Servierplatte oder große Schale, eine Portion angerichtet, der Rest angedeutet im Hintergrund. Untergrund: heller Marmor mit grauer Ader; ein Kupfertopf und ein gefaltetes Leinentuch am Rand. Natürliches Fensterlicht von links, weiche Schatten, kein Blitz, kein Studioglanz. Wie mit 50-mm-Objektiv bei Blende f/4 fotografiert, Hintergrund leicht unscharf, Gericht scharf. Gedeckte warme Palette aus Leinen, Sand und Ton, keine grellen Farben, kein Weißabgleich ins Kalte. Ehrlich und appetitlich statt hochglanzpoliert, so wie es zu Hause auf den Tisch kommt, keine Perfektion. Querformat 3:2, Gericht mittig mit Luft nach allen Seiten. NICHT: kein Text, keine Schrift, keine Buchstaben, kein Logo, kein Wasserzeichen, keine Hände, keine Menschen, kein Besteck in Bewegung, keine Collage, kein Rahmen, kein Rand."
gaufre-de-li-ge.jpg,gaufre-de-li-ge,Gaufre de Liège,Belgien,Europa,Snack,Vegetarisch,"Food-Fotografie: Gaufre de Liège, Snack aus Belgien. Im Bild klar erkennbar: lauwarme Milch, weiche Butter. Aufsicht von 90 Grad, serviert auf Holzbrett oder Papier, mehrere Stücke locker verteilt. Untergrund: heller Marmor mit grauer Ader; ein Kupfertopf und ein gefaltetes Leinentuch am Rand. Natürliches Fensterlicht von links, weiche Schatten, kein Blitz, kein Studioglanz. Wie mit 50-mm-Objektiv bei Blende f/4 fotografiert, Hintergrund leicht unscharf, Gericht scharf. Gedeckte warme Palette aus Leinen, Sand und Ton, keine grellen Farben, kein Weißabgleich ins Kalte. Ehrlich und appetitlich statt hochglanzpoliert, so wie es zu Hause auf den Tisch kommt, keine Perfektion. Querformat 3:2, Gericht mittig mit Luft nach allen Seiten. NICHT: kein Text, keine Schrift, keine Buchstaben, kein Logo, kein Wasserzeichen, keine Hände, keine Menschen, kein Besteck in Bewegung, keine Collage, kein Rahmen, kein Rand."
moules-frites.jpg,moules-frites,Moules-frites,Belgien,Europa,Hauptgericht,Fisch,"Food-Fotografie: Moules-frites, Hauptgericht aus Belgien. Im Bild klar erkennbar: frische Miesmuscheln, Zwiebeln, Stangen Staudensellerie. Schrägsicht von 45 Grad, serviert in flache Servierplatte oder große Schale, eine Portion angerichtet, der Rest angedeutet im Hintergrund. Untergrund: heller Marmor mit grauer Ader; ein Kupfertopf und ein gefaltetes Leinentuch am Rand. Natürliches Fensterlicht von links, weiche Schatten, kein Blitz, kein Studioglanz. Wie mit 50-mm-Objektiv bei Blende f/4 fotografiert, Hintergrund leicht unscharf, Gericht scharf. Gedeckte warme Palette aus Leinen, Sand und Ton, keine grellen Farben, kein Weißabgleich ins Kalte. Ehrlich und appetitlich statt hochglanzpoliert, so wie es zu Hause auf den Tisch kommt, keine Perfektion. Querformat 3:2, Gericht mittig mit Luft nach allen Seiten. NICHT: kein Text, keine Schrift, keine Buchstaben, kein Logo, kein Wasserzeichen, keine Hände, keine Menschen, kein Besteck in Bewegung, keine Collage, kein Rahmen, kein Rand."
bosanski-lonac.jpg,bosanski-lonac,Bosanski lonac,Bosnien und Herzegowina,Europa,Suppe,"Fleisch, Lamm","Food-Fotografie: Bosanski lonac, Suppe aus Bosnien und Herzegowina. Im Bild klar erkennbar: Rindfleisch, Lammfleisch, Kartoffeln. Leichte Schrägsicht von 30 Grad, serviert in tiefer Steingutteller, der Dampf gerade noch sichtbar. Untergrund: abgenutztes dunkles Holz; ein emaillierter Krug und getrocknete Paprika am Rand. Natürliches Fensterlicht von links, weiche Schatten, kein Blitz, kein Studioglanz. Wie mit 50-mm-Objektiv bei Blende f/4 fotografiert, Hintergrund leicht unscharf, Gericht scharf. Gedeckte warme Palette aus Leinen, Sand und Ton, keine grellen Farben, kein Weißabgleich ins Kalte. Ehrlich und appetitlich statt hochglanzpoliert, so wie es zu Hause auf den Tisch kommt, keine Perfektion. Querformat 3:2, Gericht mittig mit Luft nach allen Seiten. NICHT: kein Text, keine Schrift, keine Buchstaben, kein Logo, kein Wasserzeichen, keine Hände, keine Menschen, kein Besteck in Bewegung, keine Collage, kein Rahmen, kein Rand."
tufahije.jpg,tufahije,Tufahije,Bosnien und Herzegowina,Europa,Dessert,Vegetarisch,"Food-Fotografie: Tufahije, Dessert aus Bosnien und Herzegowina. Im Bild klar erkennbar: feste, gemahlene Walnüsse, Zitrone. Fast auf Augenhöhe, 20 Grad, serviert in Kuchenteller oder Glasschale, die Schichten oder die Kruste sichtbar. Untergrund: abgenutztes dunkles Holz; ein emaillierter Krug und getrocknete Paprika am Rand. Natürliches Fensterlicht von links, weiche Schatten, kein Blitz, kein Studioglanz. Wie mit 50-mm-Objektiv bei Blende f/4 fotografiert, Hintergrund leicht unscharf, Gericht scharf. Gedeckte warme Palette aus Leinen, Sand und Ton, keine grellen Farben, kein Weißabgleich ins Kalte. Ehrlich und appetitlich statt hochglanzpoliert, so wie es zu Hause auf den Tisch kommt, keine Perfektion. Querformat 3:2, Gericht mittig mit Luft nach allen Seiten. NICHT: kein Text, keine Schrift, keine Buchstaben, kein Logo, kein Wasserzeichen, keine Hände, keine Menschen, kein Besteck in Bewegung, keine Collage, kein Rahmen, kein Rand."
evapi.jpg,evapi,Ćevapi,Bosnien und Herzegowina,Europa,Hauptgericht,"Fleisch, Lamm","Food-Fotografie: Ćevapi, Hauptgericht aus Bosnien und Herzegowina. Im Bild klar erkennbar: Rinderhackfleisch, Lammhackfleisch, Knoblauch. Schrägsicht von 45 Grad, serviert in flache Servierplatte oder große Schale, eine Portion angerichtet, der Rest angedeutet im Hintergrund. Untergrund: abgenutztes dunkles Holz; ein emaillierter Krug und getrocknete Paprika am Rand. Natürliches Fensterlicht von links, weiche Schatten, kein Blitz, kein Studioglanz. Wie mit 50-mm-Objektiv bei Blende f/4 fotografiert, Hintergrund leicht unscharf, Gericht scharf. Gedeckte warme Palette aus Leinen, Sand und Ton, keine grellen Farben, kein Weißabgleich ins Kalte. Ehrlich und appetitlich statt hochglanzpoliert, so wie es zu Hause auf den Tisch kommt, keine Perfektion. Querformat 3:2, Gericht mittig mit Luft nach allen Seiten. NICHT: kein Text, keine Schrift, keine Buchstaben, kein Logo, kein Wasserzeichen, keine Hände, keine Menschen, kein Besteck in Bewegung, keine Collage, kein Rahmen, kein Rand."
banitsa.jpg,banitsa,Banitsa,Bulgarien,Europa,Frühstück,Vegetarisch,"Food-Fotografie: Banitsa, Frühstück aus Bulgarien. Im Bild klar erkennbar: Filo-/Yufka-Teigblätter, bulgarisches Sirene oder Feta, Eier. Schrägsicht von 45 Grad, serviert auf Frühstücksbrett oder Teller, Morgenlicht, ein Tuch beiläufig danebengelegt. Untergrund: abgenutztes dunkles Holz; ein emaillierter Krug und getrocknete Paprika am Rand. Natürliches Fensterlicht von links, weiche Schatten, kein Blitz, kein Studioglanz. Wie mit 50-mm-Objektiv bei Blende f/4 fotografiert, Hintergrund leicht unscharf, Gericht scharf. Gedeckte warme Palette aus Leinen, Sand und Ton, keine grellen Farben, kein Weißabgleich ins Kalte. Ehrlich und appetitlich statt hochglanzpoliert, so wie es zu Hause auf den Tisch kommt, keine Perfektion. Querformat 3:2, Gericht mittig mit Luft nach allen Seiten. NICHT: kein Text, keine Schrift, keine Buchstaben, kein Logo, kein Wasserzeichen, keine Hände, keine Menschen, kein Besteck in Bewegung, keine Collage, kein Rahmen, kein Rand."
shopska-salata.jpg,shopska-salata,Shopska salata,Bulgarien,Europa,Vorspeise,Vegetarisch,"Food-Fotografie: Shopska salata, Vorspeise aus Bulgarien. Im Bild klar erkennbar: reife Tomaten, Salatgurke, rüne Paprika. Aufsicht von 90 Grad, serviert auf kleiner flacher Teller, viel freie Fläche um den Teller. Untergrund: abgenutztes dunkles Holz; ein emaillierter Krug und getrocknete Paprika am Rand. Natürliches Fensterlicht von links, weiche Schatten, kein Blitz, kein Studioglanz. Wie mit 50-mm-Objektiv bei Blende f/4 fotografiert, Hintergrund leicht unscharf, Gericht scharf. Gedeckte warme Palette aus Leinen, Sand und Ton, keine grellen Farben, kein Weißabgleich ins Kalte. Ehrlich und appetitlich statt hochglanzpoliert, so wie es zu Hause auf den Tisch kommt, keine Perfektion. Querformat 3:2, Gericht mittig mit Luft nach allen Seiten. NICHT: kein Text, keine Schrift, keine Buchstaben, kein Logo, kein Wasserzeichen, keine Hände, keine Menschen, kein Besteck in Bewegung, keine Collage, kein Rahmen, kein Rand."
tarator.jpg,tarator,Tarator,Bulgarien,Europa,Vorspeise,Vegetarisch,"Food-Fotografie: Tarator, Vorspeise aus Bulgarien. Im Bild klar erkennbar: Naturjoghurt, Salatgurke, Knoblauch. Aufsicht von 90 Grad, serviert auf kleiner flacher Teller, viel freie Fläche um den Teller. Untergrund: abgenutztes dunkles Holz; ein emaillierter Krug und getrocknete Paprika am Rand. Natürliches Fensterlicht von links, weiche Schatten, kein Blitz, kein Studioglanz. Wie mit 50-mm-Objektiv bei Blende f/4 fotografiert, Hintergrund leicht unscharf, Gericht scharf. Gedeckte warme Palette aus Leinen, Sand und Ton, keine grellen Farben, kein Weißabgleich ins Kalte. Ehrlich und appetitlich statt hochglanzpoliert, so wie es zu Hause auf den Tisch kommt, keine Perfektion. Querformat 3:2, Gericht mittig mit Luft nach allen Seiten. NICHT: kein Text, keine Schrift, keine Buchstaben, kein Logo, kein Wasserzeichen, keine Hände, keine Menschen, kein Besteck in Bewegung, keine Collage, kein Rahmen, kein Rand."
birnen-bohnen-und-geraeuchertes-rind.jpg,birnen-bohnen-und-geraeuchertes-rind,"Birnen, Bohnen und geräuchertes Rind",Deutschland,Europa,Hauptgericht,Fleisch,"Food-Fotografie: Birnen, Bohnen und geräuchertes Rind, Hauptgericht aus Deutschland. Im Bild klar erkennbar: grüne Bohnen, feste Kochbirnen, geräucherte Rinderbrust oder luftgetrocknetes Rind. Angerichtet wie beschrieben: Mit jungen Salzkartoffeln. Schrägsicht von 45 Grad, serviert in flache Servierplatte oder große Schale, eine Portion angerichtet, der Rest angedeutet im Hintergrund. Untergrund: geöltes Eichenholz; ein Steingutkrug und ein karierter Tuchzipfel am Rand. Natürliches Fensterlicht von links, weiche Schatten, kein Blitz, kein Studioglanz. Wie mit 50-mm-Objektiv bei Blende f/4 fotografiert, Hintergrund leicht unscharf, Gericht scharf. Gedeckte warme Palette aus Leinen, Sand und Ton, keine grellen Farben, kein Weißabgleich ins Kalte. Ehrlich und appetitlich statt hochglanzpoliert, so wie es zu Hause auf den Tisch kommt, keine Perfektion. Querformat 3:2, Gericht mittig mit Luft nach allen Seiten. NICHT: kein Text, keine Schrift, keine Buchstaben, kein Logo, kein Wasserzeichen, keine Hände, keine Menschen, kein Besteck in Bewegung, keine Collage, kein Rahmen, kein Rand."
gruenkohl-mit-merguez-statt-pinkel.jpg,gruenkohl-mit-merguez-statt-pinkel,Grünkohl mit Merguez statt Pinkel,Deutschland,Europa,Hauptgericht,"Fleisch, Lamm","Food-Fotografie: Grünkohl mit Merguez statt Pinkel, Hauptgericht aus Deutschland. Im Bild klar erkennbar: Grünkohl, Merguez, geräucherte Rinderbrust oder Pastrami am Stück. Angerichtet wie beschrieben: Mit Salzkartoffeln oder Bratkartoffeln und kräftigem Senf. Schrägsicht von 45 Grad, serviert in flache Servierplatte oder große Schale, eine Portion angerichtet, der Rest angedeutet im Hintergrund. Untergrund: geöltes Eichenholz; ein Steingutkrug und ein karierter Tuchzipfel am Rand. Natürliches Fensterlicht von links, weiche Schatten, kein Blitz, kein Studioglanz. Wie mit 50-mm-Objektiv bei Blende f/4 fotografiert, Hintergrund leicht unscharf, Gericht scharf. Gedeckte warme Palette aus Leinen, Sand und Ton, keine grellen Farben, kein Weißabgleich ins Kalte. Ehrlich und appetitlich statt hochglanzpoliert, so wie es zu Hause auf den Tisch kommt, keine Perfektion. Querformat 3:2, Gericht mittig mit Luft nach allen Seiten. NICHT: kein Text, keine Schrift, keine Buchstaben, kein Logo, kein Wasserzeichen, keine Hände, keine Menschen, kein Besteck in Bewegung, keine Collage, kein Rahmen, kein Rand."
kaesespaetzle.jpg,kaesespaetzle,Käsespätzle,Deutschland,Europa,Hauptgericht,Vegetarisch,"Food-Fotografie: Käsespätzle, Hauptgericht aus Deutschland. Im Bild klar erkennbar: Eier, würziger Bergkäse, Emmentaler. Schrägsicht von 45 Grad, serviert in flache Servierplatte oder große Schale, eine Portion angerichtet, der Rest angedeutet im Hintergrund. Untergrund: geöltes Eichenholz; ein Steingutkrug und ein karierter Tuchzipfel am Rand. Natürliches Fensterlicht von links, weiche Schatten, kein Blitz, kein Studioglanz. Wie mit 50-mm-Objektiv bei Blende f/4 fotografiert, Hintergrund leicht unscharf, Gericht scharf. Gedeckte warme Palette aus Leinen, Sand und Ton, keine grellen Farben, kein Weißabgleich ins Kalte. Ehrlich und appetitlich statt hochglanzpoliert, so wie es zu Hause auf den Tisch kommt, keine Perfektion. Querformat 3:2, Gericht mittig mit Luft nach allen Seiten. NICHT: kein Text, keine Schrift, keine Buchstaben, kein Logo, kein Wasserzeichen, keine Hände, keine Menschen, kein Besteck in Bewegung, keine Collage, kein Rahmen, kein Rand."
sauerbraten.jpg,sauerbraten,Sauerbraten,Deutschland,Europa,Hauptgericht,Fleisch,"Food-Fotografie: Sauerbraten, Hauptgericht aus Deutschland. Im Bild klar erkennbar: Rinderschmorbraten, Zwiebeln, Möhren. Schrägsicht von 45 Grad, serviert in flache Servierplatte oder große Schale, eine Portion angerichtet, der Rest angedeutet im Hintergrund. Untergrund: geöltes Eichenholz; ein Steingutkrug und ein karierter Tuchzipfel am Rand. Natürliches Fensterlicht von links, weiche Schatten, kein Blitz, kein Studioglanz. Wie mit 50-mm-Objektiv bei Blende f/4 fotografiert, Hintergrund leicht unscharf, Gericht scharf. Gedeckte warme Palette aus Leinen, Sand und Ton, keine grellen Farben, kein Weißabgleich ins Kalte. Ehrlich und appetitlich statt hochglanzpoliert, so wie es zu Hause auf den Tisch kommt, keine Perfektion. Querformat 3:2, Gericht mittig mit Luft nach allen Seiten. NICHT: kein Text, keine Schrift, keine Buchstaben, kein Logo, kein Wasserzeichen, keine Hände, keine Menschen, kein Besteck in Bewegung, keine Collage, kein Rahmen, kein Rand."
schwarzwaelder-kirschtorte.jpg,schwarzwaelder-kirschtorte,Schwarzwälder Kirschtorte,Deutschland,Europa,Dessert,Vegetarisch,"Food-Fotografie: Schwarzwälder Kirschtorte, Dessert aus Deutschland. Im Bild klar erkennbar: Eier, Kakaopulver, las Sauerkirschen. Fast auf Augenhöhe, 20 Grad, serviert in Kuchenteller oder Glasschale, die Schichten oder die Kruste sichtbar. Untergrund: geöltes Eichenholz; ein Steingutkrug und ein karierter Tuchzipfel am Rand. Natürliches Fensterlicht von links, weiche Schatten, kein Blitz, kein Studioglanz. Wie mit 50-mm-Objektiv bei Blende f/4 fotografiert, Hintergrund leicht unscharf, Gericht scharf. Gedeckte warme Palette aus Leinen, Sand und Ton, keine grellen Farben, kein Weißabgleich ins Kalte. Ehrlich und appetitlich statt hochglanzpoliert, so wie es zu Hause auf den Tisch kommt, keine Perfektion. Querformat 3:2, Gericht mittig mit Luft nach allen Seiten. NICHT: kein Text, keine Schrift, keine Buchstaben, kein Logo, kein Wasserzeichen, keine Hände, keine Menschen, kein Besteck in Bewegung, keine Collage, kein Rahmen, kein Rand."
frikadeller.jpg,frikadeller,Frikadeller,Dänemark,Europa,Hauptgericht,Fleisch,"Food-Fotografie: Frikadeller, Hauptgericht aus Dänemark. Im Bild klar erkennbar: Rinderhackfleisch, Kalbshackfleisch, Zwiebel. Schrägsicht von 45 Grad, serviert in flache Servierplatte oder große Schale, eine Portion angerichtet, der Rest angedeutet im Hintergrund. Untergrund: helles, fast weißes Holz; grobes Leinen und ein schlichtes Steingutgefäß am Rand. Natürliches Fensterlicht von links, weiche Schatten, kein Blitz, kein Studioglanz. Wie mit 50-mm-Objektiv bei Blende f/4 fotografiert, Hintergrund leicht unscharf, Gericht scharf. Gedeckte warme Palette aus Leinen, Sand und Ton, keine grellen Farben, kein Weißabgleich ins Kalte. Ehrlich und appetitlich statt hochglanzpoliert, so wie es zu Hause auf den Tisch kommt, keine Perfektion. Querformat 3:2, Gericht mittig mit Luft nach allen Seiten. NICHT: kein Text, keine Schrift, keine Buchstaben, kein Logo, kein Wasserzeichen, keine Hände, keine Menschen, kein Besteck in Bewegung, keine Collage, kein Rahmen, kein Rand."
sm-rrebr-d-med-karrysild.jpg,sm-rrebr-d-med-karrysild,Smørrebrød med karrysild,Dänemark,Europa,Frühstück,Fisch,"Food-Fotografie: Smørrebrød med karrysild, Frühstück aus Dänemark. Im Bild klar erkennbar: dänisches Roggenbrot, Mayonnaise, Schmand oder Crème fraîche. Schrägsicht von 45 Grad, serviert auf Frühstücksbrett oder Teller, Morgenlicht, ein Tuch beiläufig danebengelegt. Untergrund: helles, fast weißes Holz; grobes Leinen und ein schlichtes Steingutgefäß am Rand. Natürliches Fensterlicht von links, weiche Schatten, kein Blitz, kein Studioglanz. Wie mit 50-mm-Objektiv bei Blende f/4 fotografiert, Hintergrund leicht unscharf, Gericht scharf. Gedeckte warme Palette aus Leinen, Sand und Ton, keine grellen Farben, kein Weißabgleich ins Kalte. Ehrlich und appetitlich statt hochglanzpoliert, so wie es zu Hause auf den Tisch kommt, keine Perfektion. Querformat 3:2, Gericht mittig mit Luft nach allen Seiten. NICHT: kein Text, keine Schrift, keine Buchstaben, kein Logo, kein Wasserzeichen, keine Hände, keine Menschen, kein Besteck in Bewegung, keine Collage, kein Rahmen, kein Rand."
bleskiver.jpg,bleskiver,Æbleskiver,Dänemark,Europa,Snack,Vegetarisch,"Food-Fotografie: Æbleskiver, Snack aus Dänemark. Im Bild klar erkennbar: Buttermilch, Eier, Kardamom. Aufsicht von 90 Grad, serviert auf Holzbrett oder Papier, mehrere Stücke locker verteilt. Untergrund: helles, fast weißes Holz; grobes Leinen und ein schlichtes Steingutgefäß am Rand. Natürliches Fensterlicht von links, weiche Schatten, kein Blitz, kein Studioglanz. Wie mit 50-mm-Objektiv bei Blende f/4 fotografiert, Hintergrund leicht unscharf, Gericht scharf. Gedeckte warme Palette aus Leinen, Sand und Ton, keine grellen Farben, kein Weißabgleich ins Kalte. Ehrlich und appetitlich statt hochglanzpoliert, so wie es zu Hause auf den Tisch kommt, keine Perfektion. Querformat 3:2, Gericht mittig mit Luft nach allen Seiten. NICHT: kein Text, keine Schrift, keine Buchstaben, kein Logo, kein Wasserzeichen, keine Hände, keine Menschen, kein Besteck in Bewegung, keine Collage, kein Rahmen, kein Rand."
kama.jpg,kama,Kama,Estland,Europa,Frühstück,Vegetarisch,"Food-Fotografie: Kama, Frühstück aus Estland. Im Bild klar erkennbar: Buttermilch oder Kefir, frische Beeren. Schrägsicht von 45 Grad, serviert auf Frühstücksbrett oder Teller, Morgenlicht, ein Tuch beiläufig danebengelegt. Untergrund: dunkler Holztisch mit sichtbaren Gebrauchsspuren; eine emaillierte Schüssel und ein Leinentuch mit Kreuzstichkante. Natürliches Fensterlicht von links, weiche Schatten, kein Blitz, kein Studioglanz. Wie mit 50-mm-Objektiv bei Blende f/4 fotografiert, Hintergrund leicht unscharf, Gericht scharf. Gedeckte warme Palette aus Leinen, Sand und Ton, keine grellen Farben, kein Weißabgleich ins Kalte. Ehrlich und appetitlich statt hochglanzpoliert, so wie es zu Hause auf den Tisch kommt, keine Perfektion. Querformat 3:2, Gericht mittig mit Luft nach allen Seiten. NICHT: kein Text, keine Schrift, keine Buchstaben, kein Logo, kein Wasserzeichen, keine Hände, keine Menschen, kein Besteck in Bewegung, keine Collage, kein Rahmen, kein Rand."
mulgipuder.jpg,mulgipuder,Mulgipuder,Estland,Europa,Hauptgericht,Vegetarisch,"Food-Fotografie: Mulgipuder, Hauptgericht aus Estland. Im Bild klar erkennbar: Gerstengraupen, Zwiebeln, Butter. Schrägsicht von 45 Grad, serviert in flache Servierplatte oder große Schale, eine Portion angerichtet, der Rest angedeutet im Hintergrund. Untergrund: dunkler Holztisch mit sichtbaren Gebrauchsspuren; eine emaillierte Schüssel und ein Leinentuch mit Kreuzstichkante. Natürliches Fensterlicht von links, weiche Schatten, kein Blitz, kein Studioglanz. Wie mit 50-mm-Objektiv bei Blende f/4 fotografiert, Hintergrund leicht unscharf, Gericht scharf. Gedeckte warme Palette aus Leinen, Sand und Ton, keine grellen Farben, kein Weißabgleich ins Kalte. Ehrlich und appetitlich statt hochglanzpoliert, so wie es zu Hause auf den Tisch kommt, keine Perfektion. Querformat 3:2, Gericht mittig mit Luft nach allen Seiten. NICHT: kein Text, keine Schrift, keine Buchstaben, kein Logo, kein Wasserzeichen, keine Hände, keine Menschen, kein Besteck in Bewegung, keine Collage, kein Rahmen, kein Rand."
rosolje.jpg,rosolje,Rosolje,Estland,Europa,Vorspeise,Vegetarisch,"Food-Fotografie: Rosolje, Vorspeise aus Estland. Im Bild klar erkennbar: Rote Bete, festkochende Kartoffeln, Apfel. Aufsicht von 90 Grad, serviert auf kleiner flacher Teller, viel freie Fläche um den Teller. Untergrund: dunkler Holztisch mit sichtbaren Gebrauchsspuren; eine emaillierte Schüssel und ein Leinentuch mit Kreuzstichkante. Natürliches Fensterlicht von links, weiche Schatten, kein Blitz, kein Studioglanz. Wie mit 50-mm-Objektiv bei Blende f/4 fotografiert, Hintergrund leicht unscharf, Gericht scharf. Gedeckte warme Palette aus Leinen, Sand und Ton, keine grellen Farben, kein Weißabgleich ins Kalte. Ehrlich und appetitlich statt hochglanzpoliert, so wie es zu Hause auf den Tisch kommt, keine Perfektion. Querformat 3:2, Gericht mittig mit Luft nach allen Seiten. NICHT: kein Text, keine Schrift, keine Buchstaben, kein Logo, kein Wasserzeichen, keine Hände, keine Menschen, kein Besteck in Bewegung, keine Collage, kein Rahmen, kein Rand."
karjalanpiirakka.jpg,karjalanpiirakka,Karjalanpiirakka,Finnland,Europa,Frühstück,Vegetarisch,"Food-Fotografie: Karjalanpiirakka, Frühstück aus Finnland. Im Bild klar erkennbar: Rundkornreis, Milch, hartgekochte Eier. Schrägsicht von 45 Grad, serviert auf Frühstücksbrett oder Teller, Morgenlicht, ein Tuch beiläufig danebengelegt. Untergrund: helles, fast weißes Holz; grobes Leinen und ein schlichtes Steingutgefäß am Rand. Natürliches Fensterlicht von links, weiche Schatten, kein Blitz, kein Studioglanz. Wie mit 50-mm-Objektiv bei Blende f/4 fotografiert, Hintergrund leicht unscharf, Gericht scharf. Gedeckte warme Palette aus Leinen, Sand und Ton, keine grellen Farben, kein Weißabgleich ins Kalte. Ehrlich und appetitlich statt hochglanzpoliert, so wie es zu Hause auf den Tisch kommt, keine Perfektion. Querformat 3:2, Gericht mittig mit Luft nach allen Seiten. NICHT: kein Text, keine Schrift, keine Buchstaben, kein Logo, kein Wasserzeichen, keine Hände, keine Menschen, kein Besteck in Bewegung, keine Collage, kein Rahmen, kein Rand."
korvapuusti.jpg,korvapuusti,Korvapuusti,Finnland,Europa,Snack,Vegetarisch,"Food-Fotografie: Korvapuusti, Snack aus Finnland. Im Bild klar erkennbar: lauwarme Milch, gemahlener Kardamom, weiche Butter. Aufsicht von 90 Grad, serviert auf Holzbrett oder Papier, mehrere Stücke locker verteilt. Untergrund: helles, fast weißes Holz; grobes Leinen und ein schlichtes Steingutgefäß am Rand. Natürliches Fensterlicht von links, weiche Schatten, kein Blitz, kein Studioglanz. Wie mit 50-mm-Objektiv bei Blende f/4 fotografiert, Hintergrund leicht unscharf, Gericht scharf. Gedeckte warme Palette aus Leinen, Sand und Ton, keine grellen Farben, kein Weißabgleich ins Kalte. Ehrlich und appetitlich statt hochglanzpoliert, so wie es zu Hause auf den Tisch kommt, keine Perfektion. Querformat 3:2, Gericht mittig mit Luft nach allen Seiten. NICHT: kein Text, keine Schrift, keine Buchstaben, kein Logo, kein Wasserzeichen, keine Hände, keine Menschen, kein Besteck in Bewegung, keine Collage, kein Rahmen, kein Rand."
lohikeitto.jpg,lohikeitto,Lohikeitto,Finnland,Europa,Suppe,Fisch,"Food-Fotografie: Lohikeitto, Suppe aus Finnland. Im Bild klar erkennbar: Lachsfilet, festkochende Kartoffeln, auchstange. Leichte Schrägsicht von 30 Grad, serviert in tiefer Steingutteller, der Dampf gerade noch sichtbar. Untergrund: helles, fast weißes Holz; grobes Leinen und ein schlichtes Steingutgefäß am Rand. Natürliches Fensterlicht von links, weiche Schatten, kein Blitz, kein Studioglanz. Wie mit 50-mm-Objektiv bei Blende f/4 fotografiert, Hintergrund leicht unscharf, Gericht scharf. Gedeckte warme Palette aus Leinen, Sand und Ton, keine grellen Farben, kein Weißabgleich ins Kalte. Ehrlich und appetitlich statt hochglanzpoliert, so wie es zu Hause auf den Tisch kommt, keine Perfektion. Querformat 3:2, Gericht mittig mit Luft nach allen Seiten. NICHT: kein Text, keine Schrift, keine Buchstaben, kein Logo, kein Wasserzeichen, keine Hände, keine Menschen, kein Besteck in Bewegung, keine Collage, kein Rahmen, kein Rand."
b-uf-bourguignon.jpg,b-uf-bourguignon,Bœuf bourguignon,Frankreich,Europa,Hauptgericht,Fleisch,"Food-Fotografie: Bœuf bourguignon, Hauptgericht aus Frankreich. Im Bild klar erkennbar: Rindfleisch zum Schmoren, kräftiger Rotwein, braune Champignons. Schrägsicht von 45 Grad, serviert in flache Servierplatte oder große Schale, eine Portion angerichtet, der Rest angedeutet im Hintergrund. Untergrund: heller Marmor mit grauer Ader; ein Kupfertopf und ein gefaltetes Leinentuch am Rand. Natürliches Fensterlicht von links, weiche Schatten, kein Blitz, kein Studioglanz. Wie mit 50-mm-Objektiv bei Blende f/4 fotografiert, Hintergrund leicht unscharf, Gericht scharf. Gedeckte warme Palette aus Leinen, Sand und Ton, keine grellen Farben, kein Weißabgleich ins Kalte. Ehrlich und appetitlich statt hochglanzpoliert, so wie es zu Hause auf den Tisch kommt, keine Perfektion. Querformat 3:2, Gericht mittig mit Luft nach allen Seiten. NICHT: kein Text, keine Schrift, keine Buchstaben, kein Logo, kein Wasserzeichen, keine Hände, keine Menschen, kein Besteck in Bewegung, keine Collage, kein Rahmen, kein Rand."
ratatouille.jpg,ratatouille,Ratatouille,Frankreich,Europa,Hauptgericht,"Vegetarisch, Vegan","Food-Fotografie: Ratatouille, Hauptgericht aus Frankreich. Im Bild klar erkennbar: Aubergine, Zucchini, Paprika. Schrägsicht von 45 Grad, serviert in flache Servierplatte oder große Schale, eine Portion angerichtet, der Rest angedeutet im Hintergrund. Untergrund: heller Marmor mit grauer Ader; ein Kupfertopf und ein gefaltetes Leinentuch am Rand. Natürliches Fensterlicht von links, weiche Schatten, kein Blitz, kein Studioglanz. Wie mit 50-mm-Objektiv bei Blende f/4 fotografiert, Hintergrund leicht unscharf, Gericht scharf. Gedeckte warme Palette aus Leinen, Sand und Ton, keine grellen Farben, kein Weißabgleich ins Kalte. Ehrlich und appetitlich statt hochglanzpoliert, so wie es zu Hause auf den Tisch kommt, keine Perfektion. Querformat 3:2, Gericht mittig mit Luft nach allen Seiten. NICHT: kein Text, keine Schrift, keine Buchstaben, kein Logo, kein Wasserzeichen, keine Hände, keine Menschen, kein Besteck in Bewegung, keine Collage, kein Rahmen, kein Rand."
tarte-tatin.jpg,tarte-tatin,Tarte Tatin,Frankreich,Europa,Dessert,Vegetarisch,"Food-Fotografie: Tarte Tatin, Dessert aus Frankreich. Im Bild klar erkennbar: feste, Butter, Rolle Blätter- oder Mürbeteig. Fast auf Augenhöhe, 20 Grad, serviert in Kuchenteller oder Glasschale, die Schichten oder die Kruste sichtbar. Untergrund: heller Marmor mit grauer Ader; ein Kupfertopf und ein gefaltetes Leinentuch am Rand. Natürliches Fensterlicht von links, weiche Schatten, kein Blitz, kein Studioglanz. Wie mit 50-mm-Objektiv bei Blende f/4 fotografiert, Hintergrund leicht unscharf, Gericht scharf. Gedeckte warme Palette aus Leinen, Sand und Ton, keine grellen Farben, kein Weißabgleich ins Kalte. Ehrlich und appetitlich statt hochglanzpoliert, so wie es zu Hause auf den Tisch kommt, keine Perfektion. Querformat 3:2, Gericht mittig mit Luft nach allen Seiten. NICHT: kein Text, keine Schrift, keine Buchstaben, kein Logo, kein Wasserzeichen, keine Hände, keine Menschen, kein Besteck in Bewegung, keine Collage, kein Rahmen, kein Rand."
baklava.jpg,baklava,Baklava,Griechenland,Europa,Dessert,Vegetarisch,"Food-Fotografie: Baklava, Dessert aus Griechenland. Im Bild klar erkennbar: Filoteig, Walnüsse, Zimt. Fast auf Augenhöhe, 20 Grad, serviert in Kuchenteller oder Glasschale, die Schichten oder die Kruste sichtbar. Untergrund: unbehandelter Terrakotta-Untergrund; ein Olivenholzbrett und ein Zweig Rosmarin am Rand. Natürliches Fensterlicht von links, weiche Schatten, kein Blitz, kein Studioglanz. Wie mit 50-mm-Objektiv bei Blende f/4 fotografiert, Hintergrund leicht unscharf, Gericht scharf. Gedeckte warme Palette aus Leinen, Sand und Ton, keine grellen Farben, kein Weißabgleich ins Kalte. Ehrlich und appetitlich statt hochglanzpoliert, so wie es zu Hause auf den Tisch kommt, keine Perfektion. Querformat 3:2, Gericht mittig mit Luft nach allen Seiten. NICHT: kein Text, keine Schrift, keine Buchstaben, kein Logo, kein Wasserzeichen, keine Hände, keine Menschen, kein Besteck in Bewegung, keine Collage, kein Rahmen, kein Rand."
horiatiki-salata.jpg,horiatiki-salata,Horiatiki salata,Griechenland,Europa,Vorspeise,Vegetarisch,"Food-Fotografie: Horiatiki salata, Vorspeise aus Griechenland. Im Bild klar erkennbar: reife Tomaten, Salatgurke, rüne Paprika. Aufsicht von 90 Grad, serviert auf kleiner flacher Teller, viel freie Fläche um den Teller. Untergrund: unbehandelter Terrakotta-Untergrund; ein Olivenholzbrett und ein Zweig Rosmarin am Rand. Natürliches Fensterlicht von links, weiche Schatten, kein Blitz, kein Studioglanz. Wie mit 50-mm-Objektiv bei Blende f/4 fotografiert, Hintergrund leicht unscharf, Gericht scharf. Gedeckte warme Palette aus Leinen, Sand und Ton, keine grellen Farben, kein Weißabgleich ins Kalte. Ehrlich und appetitlich statt hochglanzpoliert, so wie es zu Hause auf den Tisch kommt, keine Perfektion. Querformat 3:2, Gericht mittig mit Luft nach allen Seiten. NICHT: kein Text, keine Schrift, keine Buchstaben, kein Logo, kein Wasserzeichen, keine Hände, keine Menschen, kein Besteck in Bewegung, keine Collage, kein Rahmen, kein Rand."
moussaka.jpg,moussaka,Moussaka,Griechenland,Europa,Hauptgericht,"Fleisch, Lamm","Food-Fotografie: Moussaka, Hauptgericht aus Griechenland. Im Bild klar erkennbar: roße Auberginen, Kartoffeln, Lamm- oder Rinderhack. Schrägsicht von 45 Grad, serviert in flache Servierplatte oder große Schale, eine Portion angerichtet, der Rest angedeutet im Hintergrund. Untergrund: unbehandelter Terrakotta-Untergrund; ein Olivenholzbrett und ein Zweig Rosmarin am Rand. Natürliches Fensterlicht von links, weiche Schatten, kein Blitz, kein Studioglanz. Wie mit 50-mm-Objektiv bei Blende f/4 fotografiert, Hintergrund leicht unscharf, Gericht scharf. Gedeckte warme Palette aus Leinen, Sand und Ton, keine grellen Farben, kein Weißabgleich ins Kalte. Ehrlich und appetitlich statt hochglanzpoliert, so wie es zu Hause auf den Tisch kommt, keine Perfektion. Querformat 3:2, Gericht mittig mit Luft nach allen Seiten. NICHT: kein Text, keine Schrift, keine Buchstaben, kein Logo, kein Wasserzeichen, keine Hände, keine Menschen, kein Besteck in Bewegung, keine Collage, kein Rahmen, kein Rand."
colcannon.jpg,colcannon,Colcannon,Irland,Europa,Hauptgericht,Vegetarisch,"Food-Fotografie: Colcannon, Hauptgericht aus Irland. Im Bild klar erkennbar: Grünkohl oder Wirsing, Frühlingszwiebeln, Butter. Schrägsicht von 45 Grad, serviert in flache Servierplatte oder große Schale, eine Portion angerichtet, der Rest angedeutet im Hintergrund. Untergrund: dunkelgrün gestrichenes Holz; eine gusseiserne Pfanne und eine Tasse starker Tee am Rand. Natürliches Fensterlicht von links, weiche Schatten, kein Blitz, kein Studioglanz. Wie mit 50-mm-Objektiv bei Blende f/4 fotografiert, Hintergrund leicht unscharf, Gericht scharf. Gedeckte warme Palette aus Leinen, Sand und Ton, keine grellen Farben, kein Weißabgleich ins Kalte. Ehrlich und appetitlich statt hochglanzpoliert, so wie es zu Hause auf den Tisch kommt, keine Perfektion. Querformat 3:2, Gericht mittig mit Luft nach allen Seiten. NICHT: kein Text, keine Schrift, keine Buchstaben, kein Logo, kein Wasserzeichen, keine Hände, keine Menschen, kein Besteck in Bewegung, keine Collage, kein Rahmen, kein Rand."
irish-stew.jpg,irish-stew,Irish Stew,Irland,Europa,Suppe,"Fleisch, Lamm","Food-Fotografie: Irish Stew, Suppe aus Irland. Im Bild klar erkennbar: Lamm- oder Hammelfleisch mit Knochen, Kartoffeln, Zwiebeln. Leichte Schrägsicht von 30 Grad, serviert in tiefer Steingutteller, der Dampf gerade noch sichtbar. Untergrund: dunkelgrün gestrichenes Holz; eine gusseiserne Pfanne und eine Tasse starker Tee am Rand. Natürliches Fensterlicht von links, weiche Schatten, kein Blitz, kein Studioglanz. Wie mit 50-mm-Objektiv bei Blende f/4 fotografiert, Hintergrund leicht unscharf, Gericht scharf. Gedeckte warme Palette aus Leinen, Sand und Ton, keine grellen Farben, kein Weißabgleich ins Kalte. Ehrlich und appetitlich statt hochglanzpoliert, so wie es zu Hause auf den Tisch kommt, keine Perfektion. Querformat 3:2, Gericht mittig mit Luft nach allen Seiten. NICHT: kein Text, keine Schrift, keine Buchstaben, kein Logo, kein Wasserzeichen, keine Hände, keine Menschen, kein Besteck in Bewegung, keine Collage, kein Rahmen, kein Rand."
soda-bread.jpg,soda-bread,Soda Bread,Irland,Europa,Frühstück,Vegetarisch,"Food-Fotografie: Soda Bread, Frühstück aus Irland. Im Bild klar erkennbar: Natron, Buttermilch, Haferflocken. Schrägsicht von 45 Grad, serviert auf Frühstücksbrett oder Teller, Morgenlicht, ein Tuch beiläufig danebengelegt. Untergrund: dunkelgrün gestrichenes Holz; eine gusseiserne Pfanne und eine Tasse starker Tee am Rand. Natürliches Fensterlicht von links, weiche Schatten, kein Blitz, kein Studioglanz. Wie mit 50-mm-Objektiv bei Blende f/4 fotografiert, Hintergrund leicht unscharf, Gericht scharf. Gedeckte warme Palette aus Leinen, Sand und Ton, keine grellen Farben, kein Weißabgleich ins Kalte. Ehrlich und appetitlich statt hochglanzpoliert, so wie es zu Hause auf den Tisch kommt, keine Perfektion. Querformat 3:2, Gericht mittig mit Luft nach allen Seiten. NICHT: kein Text, keine Schrift, keine Buchstaben, kein Logo, kein Wasserzeichen, keine Hände, keine Menschen, kein Besteck in Bewegung, keine Collage, kein Rahmen, kein Rand."
kjoets-pa.jpg,kjoets-pa,Kjötsúpa,Island,Europa,Suppe,"Fleisch, Lamm","Food-Fotografie: Kjötsúpa, Suppe aus Island. Im Bild klar erkennbar: Lammfleisch mit Knochen, Kartoffeln, Möhren. Leichte Schrägsicht von 30 Grad, serviert in tiefer Steingutteller, der Dampf gerade noch sichtbar. Untergrund: helles, fast weißes Holz; grobes Leinen und ein schlichtes Steingutgefäß am Rand. Natürliches Fensterlicht von links, weiche Schatten, kein Blitz, kein Studioglanz. Wie mit 50-mm-Objektiv bei Blende f/4 fotografiert, Hintergrund leicht unscharf, Gericht scharf. Gedeckte warme Palette aus Leinen, Sand und Ton, keine grellen Farben, kein Weißabgleich ins Kalte. Ehrlich und appetitlich statt hochglanzpoliert, so wie es zu Hause auf den Tisch kommt, keine Perfektion. Querformat 3:2, Gericht mittig mit Luft nach allen Seiten. NICHT: kein Text, keine Schrift, keine Buchstaben, kein Logo, kein Wasserzeichen, keine Hände, keine Menschen, kein Besteck in Bewegung, keine Collage, kein Rahmen, kein Rand."
plokkfiskur.jpg,plokkfiskur,Plokkfiskur,Island,Europa,Hauptgericht,Fisch,"Food-Fotografie: Plokkfiskur, Hauptgericht aus Island. Im Bild klar erkennbar: Kabeljau- oder Schellfischfilet, Kartoffeln, roße Zwiebel. Schrägsicht von 45 Grad, serviert in flache Servierplatte oder große Schale, eine Portion angerichtet, der Rest angedeutet im Hintergrund. Untergrund: helles, fast weißes Holz; grobes Leinen und ein schlichtes Steingutgefäß am Rand. Natürliches Fensterlicht von links, weiche Schatten, kein Blitz, kein Studioglanz. Wie mit 50-mm-Objektiv bei Blende f/4 fotografiert, Hintergrund leicht unscharf, Gericht scharf. Gedeckte warme Palette aus Leinen, Sand und Ton, keine grellen Farben, kein Weißabgleich ins Kalte. Ehrlich und appetitlich statt hochglanzpoliert, so wie es zu Hause auf den Tisch kommt, keine Perfektion. Querformat 3:2, Gericht mittig mit Luft nach allen Seiten. NICHT: kein Text, keine Schrift, keine Buchstaben, kein Logo, kein Wasserzeichen, keine Hände, keine Menschen, kein Besteck in Bewegung, keine Collage, kein Rahmen, kein Rand."
skyr-me-berjum.jpg,skyr-me-berjum,Skyr með berjum,Island,Europa,Frühstück,Vegetarisch,"Food-Fotografie: Skyr með berjum, Frühstück aus Island. Im Bild klar erkennbar: Skyr, Milch, frische Beeren. Schrägsicht von 45 Grad, serviert auf Frühstücksbrett oder Teller, Morgenlicht, ein Tuch beiläufig danebengelegt. Untergrund: helles, fast weißes Holz; grobes Leinen und ein schlichtes Steingutgefäß am Rand. Natürliches Fensterlicht von links, weiche Schatten, kein Blitz, kein Studioglanz. Wie mit 50-mm-Objektiv bei Blende f/4 fotografiert, Hintergrund leicht unscharf, Gericht scharf. Gedeckte warme Palette aus Leinen, Sand und Ton, keine grellen Farben, kein Weißabgleich ins Kalte. Ehrlich und appetitlich statt hochglanzpoliert, so wie es zu Hause auf den Tisch kommt, keine Perfektion. Querformat 3:2, Gericht mittig mit Luft nach allen Seiten. NICHT: kein Text, keine Schrift, keine Buchstaben, kein Logo, kein Wasserzeichen, keine Hände, keine Menschen, kein Besteck in Bewegung, keine Collage, kein Rahmen, kein Rand."
risotto-alla-milanese.jpg,risotto-alla-milanese,Risotto alla milanese,Italien,Europa,Hauptgericht,Vegetarisch,"Food-Fotografie: Risotto alla milanese, Hauptgericht aus Italien. Im Bild klar erkennbar: Risottoreis, Zwiebel, Briefchen Safranfäden. Schrägsicht von 45 Grad, serviert in flache Servierplatte oder große Schale, eine Portion angerichtet, der Rest angedeutet im Hintergrund. Untergrund: unbehandelter Terrakotta-Untergrund; ein Olivenholzbrett und ein Zweig Rosmarin am Rand. Natürliches Fensterlicht von links, weiche Schatten, kein Blitz, kein Studioglanz. Wie mit 50-mm-Objektiv bei Blende f/4 fotografiert, Hintergrund leicht unscharf, Gericht scharf. Gedeckte warme Palette aus Leinen, Sand und Ton, keine grellen Farben, kein Weißabgleich ins Kalte. Ehrlich und appetitlich statt hochglanzpoliert, so wie es zu Hause auf den Tisch kommt, keine Perfektion. Querformat 3:2, Gericht mittig mit Luft nach allen Seiten. NICHT: kein Text, keine Schrift, keine Buchstaben, kein Logo, kein Wasserzeichen, keine Hände, keine Menschen, kein Besteck in Bewegung, keine Collage, kein Rahmen, kein Rand."
spaghetti-al-pomodoro-e-basilico.jpg,spaghetti-al-pomodoro-e-basilico,Spaghetti al pomodoro e basilico,Italien,Europa,Hauptgericht,"Vegetarisch, Vegan","Food-Fotografie: Spaghetti al pomodoro e basilico, Hauptgericht aus Italien. Im Bild klar erkennbar: Spaghetti, reife Tomaten, Knoblauch. Schrägsicht von 45 Grad, serviert in flache Servierplatte oder große Schale, eine Portion angerichtet, der Rest angedeutet im Hintergrund. Untergrund: unbehandelter Terrakotta-Untergrund; ein Olivenholzbrett und ein Zweig Rosmarin am Rand. Natürliches Fensterlicht von links, weiche Schatten, kein Blitz, kein Studioglanz. Wie mit 50-mm-Objektiv bei Blende f/4 fotografiert, Hintergrund leicht unscharf, Gericht scharf. Gedeckte warme Palette aus Leinen, Sand und Ton, keine grellen Farben, kein Weißabgleich ins Kalte. Ehrlich und appetitlich statt hochglanzpoliert, so wie es zu Hause auf den Tisch kommt, keine Perfektion. Querformat 3:2, Gericht mittig mit Luft nach allen Seiten. NICHT: kein Text, keine Schrift, keine Buchstaben, kein Logo, kein Wasserzeichen, keine Hände, keine Menschen, kein Besteck in Bewegung, keine Collage, kein Rahmen, kein Rand."
tiramis.jpg,tiramis,Tiramisù,Italien,Europa,Dessert,Vegetarisch,"Food-Fotografie: Tiramisù, Dessert aus Italien. Im Bild klar erkennbar: Löffelbiskuits, Mascarpone, Eier. Fast auf Augenhöhe, 20 Grad, serviert in Kuchenteller oder Glasschale, die Schichten oder die Kruste sichtbar. Untergrund: unbehandelter Terrakotta-Untergrund; ein Olivenholzbrett und ein Zweig Rosmarin am Rand. Natürliches Fensterlicht von links, weiche Schatten, kein Blitz, kein Studioglanz. Wie mit 50-mm-Objektiv bei Blende f/4 fotografiert, Hintergrund leicht unscharf, Gericht scharf. Gedeckte warme Palette aus Leinen, Sand und Ton, keine grellen Farben, kein Weißabgleich ins Kalte. Ehrlich und appetitlich statt hochglanzpoliert, so wie es zu Hause auf den Tisch kommt, keine Perfektion. Querformat 3:2, Gericht mittig mit Luft nach allen Seiten. NICHT: kein Text, keine Schrift, keine Buchstaben, kein Logo, kein Wasserzeichen, keine Hände, keine Menschen, kein Besteck in Bewegung, keine Collage, kein Rahmen, kein Rand."
flia.jpg,flia,Flia,Kosovo,Europa,Hauptgericht,Vegetarisch,"Food-Fotografie: Flia, Hauptgericht aus Kosovo. Im Bild klar erkennbar: Butter, saure Sahne oder kajmak, Joghurt zum Servieren. Schrägsicht von 45 Grad, serviert in flache Servierplatte oder große Schale, eine Portion angerichtet, der Rest angedeutet im Hintergrund. Untergrund: abgenutztes dunkles Holz; ein emaillierter Krug und getrocknete Paprika am Rand. Natürliches Fensterlicht von links, weiche Schatten, kein Blitz, kein Studioglanz. Wie mit 50-mm-Objektiv bei Blende f/4 fotografiert, Hintergrund leicht unscharf, Gericht scharf. Gedeckte warme Palette aus Leinen, Sand und Ton, keine grellen Farben, kein Weißabgleich ins Kalte. Ehrlich und appetitlich statt hochglanzpoliert, so wie es zu Hause auf den Tisch kommt, keine Perfektion. Querformat 3:2, Gericht mittig mit Luft nach allen Seiten. NICHT: kein Text, keine Schrift, keine Buchstaben, kein Logo, kein Wasserzeichen, keine Hände, keine Menschen, kein Besteck in Bewegung, keine Collage, kein Rahmen, kein Rand."
sheqerpare.jpg,sheqerpare,Sheqerpare,Kosovo,Europa,Dessert,Vegetarisch,"Food-Fotografie: Sheqerpare, Dessert aus Kosovo. Im Bild klar erkennbar: feiner Grieß, weiche Butter, Mandeln zum Verzieren. Fast auf Augenhöhe, 20 Grad, serviert in Kuchenteller oder Glasschale, die Schichten oder die Kruste sichtbar. Untergrund: abgenutztes dunkles Holz; ein emaillierter Krug und getrocknete Paprika am Rand. Natürliches Fensterlicht von links, weiche Schatten, kein Blitz, kein Studioglanz. Wie mit 50-mm-Objektiv bei Blende f/4 fotografiert, Hintergrund leicht unscharf, Gericht scharf. Gedeckte warme Palette aus Leinen, Sand und Ton, keine grellen Farben, kein Weißabgleich ins Kalte. Ehrlich und appetitlich statt hochglanzpoliert, so wie es zu Hause auf den Tisch kommt, keine Perfektion. Querformat 3:2, Gericht mittig mit Luft nach allen Seiten. NICHT: kein Text, keine Schrift, keine Buchstaben, kein Logo, kein Wasserzeichen, keine Hände, keine Menschen, kein Besteck in Bewegung, keine Collage, kein Rahmen, kein Rand."
speca-t-mbushur.jpg,speca-t-mbushur,Speca të mbushur,Kosovo,Europa,Hauptgericht,Fleisch,"Food-Fotografie: Speca të mbushur, Hauptgericht aus Kosovo. Im Bild klar erkennbar: mittelgroße Paprika, Reis, Rinderhack. Schrägsicht von 45 Grad, serviert in flache Servierplatte oder große Schale, eine Portion angerichtet, der Rest angedeutet im Hintergrund. Untergrund: abgenutztes dunkles Holz; ein emaillierter Krug und getrocknete Paprika am Rand. Natürliches Fensterlicht von links, weiche Schatten, kein Blitz, kein Studioglanz. Wie mit 50-mm-Objektiv bei Blende f/4 fotografiert, Hintergrund leicht unscharf, Gericht scharf. Gedeckte warme Palette aus Leinen, Sand und Ton, keine grellen Farben, kein Weißabgleich ins Kalte. Ehrlich und appetitlich statt hochglanzpoliert, so wie es zu Hause auf den Tisch kommt, keine Perfektion. Querformat 3:2, Gericht mittig mit Luft nach allen Seiten. NICHT: kein Text, keine Schrift, keine Buchstaben, kein Logo, kein Wasserzeichen, keine Hände, keine Menschen, kein Besteck in Bewegung, keine Collage, kein Rahmen, kein Rand."
brudet.jpg,brudet,Brudet,Kroatien,Europa,Suppe,Fisch,"Food-Fotografie: Brudet, Suppe aus Kroatien. Im Bild klar erkennbar: gemischter Fisch, Zwiebeln, Knoblauch. Leichte Schrägsicht von 30 Grad, serviert in tiefer Steingutteller, der Dampf gerade noch sichtbar. Untergrund: abgenutztes dunkles Holz; ein emaillierter Krug und getrocknete Paprika am Rand. Natürliches Fensterlicht von links, weiche Schatten, kein Blitz, kein Studioglanz. Wie mit 50-mm-Objektiv bei Blende f/4 fotografiert, Hintergrund leicht unscharf, Gericht scharf. Gedeckte warme Palette aus Leinen, Sand und Ton, keine grellen Farben, kein Weißabgleich ins Kalte. Ehrlich und appetitlich statt hochglanzpoliert, so wie es zu Hause auf den Tisch kommt, keine Perfektion. Querformat 3:2, Gericht mittig mit Luft nach allen Seiten. NICHT: kein Text, keine Schrift, keine Buchstaben, kein Logo, kein Wasserzeichen, keine Hände, keine Menschen, kein Besteck in Bewegung, keine Collage, kein Rahmen, kein Rand."
fritule.jpg,fritule,Fritule,Kroatien,Europa,Snack,Vegetarisch,"Food-Fotografie: Fritule, Snack aus Kroatien. Im Bild klar erkennbar: lauwarme Milch, Rosinen, Bio-Zitrone und Orange. Aufsicht von 90 Grad, serviert auf Holzbrett oder Papier, mehrere Stücke locker verteilt. Untergrund: abgenutztes dunkles Holz; ein emaillierter Krug und getrocknete Paprika am Rand. Natürliches Fensterlicht von links, weiche Schatten, kein Blitz, kein Studioglanz. Wie mit 50-mm-Objektiv bei Blende f/4 fotografiert, Hintergrund leicht unscharf, Gericht scharf. Gedeckte warme Palette aus Leinen, Sand und Ton, keine grellen Farben, kein Weißabgleich ins Kalte. Ehrlich und appetitlich statt hochglanzpoliert, so wie es zu Hause auf den Tisch kommt, keine Perfektion. Querformat 3:2, Gericht mittig mit Luft nach allen Seiten. NICHT: kein Text, keine Schrift, keine Buchstaben, kein Logo, kein Wasserzeichen, keine Hände, keine Menschen, kein Besteck in Bewegung, keine Collage, kein Rahmen, kein Rand."
pa-ticada.jpg,pa-ticada,Pašticada,Kroatien,Europa,Hauptgericht,Fleisch,"Food-Fotografie: Pašticada, Hauptgericht aus Kroatien. Im Bild klar erkennbar: Rinderschmorbraten, Knoblauch, Möhre. Schrägsicht von 45 Grad, serviert in flache Servierplatte oder große Schale, eine Portion angerichtet, der Rest angedeutet im Hintergrund. Untergrund: abgenutztes dunkles Holz; ein emaillierter Krug und getrocknete Paprika am Rand. Natürliches Fensterlicht von links, weiche Schatten, kein Blitz, kein Studioglanz. Wie mit 50-mm-Objektiv bei Blende f/4 fotografiert, Hintergrund leicht unscharf, Gericht scharf. Gedeckte warme Palette aus Leinen, Sand und Ton, keine grellen Farben, kein Weißabgleich ins Kalte. Ehrlich und appetitlich statt hochglanzpoliert, so wie es zu Hause auf den Tisch kommt, keine Perfektion. Querformat 3:2, Gericht mittig mit Luft nach allen Seiten. NICHT: kein Text, keine Schrift, keine Buchstaben, kein Logo, kein Wasserzeichen, keine Hände, keine Menschen, kein Besteck in Bewegung, keine Collage, kein Rahmen, kein Rand."
aukst-zupa.jpg,aukst-zupa,Aukstā zupa,Lettland,Europa,Vorspeise,Vegetarisch,"Food-Fotografie: Aukstā zupa, Vorspeise aus Lettland. Im Bild klar erkennbar: Kefir, Rote Bete, Salatgurke. Aufsicht von 90 Grad, serviert auf kleiner flacher Teller, viel freie Fläche um den Teller. Untergrund: dunkler Holztisch mit sichtbaren Gebrauchsspuren; eine emaillierte Schüssel und ein Leinentuch mit Kreuzstichkante. Natürliches Fensterlicht von links, weiche Schatten, kein Blitz, kein Studioglanz. Wie mit 50-mm-Objektiv bei Blende f/4 fotografiert, Hintergrund leicht unscharf, Gericht scharf. Gedeckte warme Palette aus Leinen, Sand und Ton, keine grellen Farben, kein Weißabgleich ins Kalte. Ehrlich und appetitlich statt hochglanzpoliert, so wie es zu Hause auf den Tisch kommt, keine Perfektion. Querformat 3:2, Gericht mittig mit Luft nach allen Seiten. NICHT: kein Text, keine Schrift, keine Buchstaben, kein Logo, kein Wasserzeichen, keine Hände, keine Menschen, kein Besteck in Bewegung, keine Collage, kein Rahmen, kein Rand."
rupjmaizes-k-rtojums.jpg,rupjmaizes-k-rtojums,Rupjmaizes kārtojums,Lettland,Europa,Dessert,Vegetarisch,"Food-Fotografie: Rupjmaizes kārtojums, Dessert aus Lettland. Im Bild klar erkennbar: süßes Roggenbrot, Zimt, Preiselbeer- oder Cranberrymarmelade. Fast auf Augenhöhe, 20 Grad, serviert in Kuchenteller oder Glasschale, die Schichten oder die Kruste sichtbar. Untergrund: dunkler Holztisch mit sichtbaren Gebrauchsspuren; eine emaillierte Schüssel und ein Leinentuch mit Kreuzstichkante. Natürliches Fensterlicht von links, weiche Schatten, kein Blitz, kein Studioglanz. Wie mit 50-mm-Objektiv bei Blende f/4 fotografiert, Hintergrund leicht unscharf, Gericht scharf. Gedeckte warme Palette aus Leinen, Sand und Ton, keine grellen Farben, kein Weißabgleich ins Kalte. Ehrlich und appetitlich statt hochglanzpoliert, so wie es zu Hause auf den Tisch kommt, keine Perfektion. Querformat 3:2, Gericht mittig mit Luft nach allen Seiten. NICHT: kein Text, keine Schrift, keine Buchstaben, kein Logo, kein Wasserzeichen, keine Hände, keine Menschen, kein Besteck in Bewegung, keine Collage, kein Rahmen, kein Rand."
sklandrausis.jpg,sklandrausis,Sklandrausis,Lettland,Europa,Snack,Vegetarisch,"Food-Fotografie: Sklandrausis, Snack aus Lettland. Im Bild klar erkennbar: Butter, Kartoffeln, Möhren. Aufsicht von 90 Grad, serviert auf Holzbrett oder Papier, mehrere Stücke locker verteilt. Untergrund: dunkler Holztisch mit sichtbaren Gebrauchsspuren; eine emaillierte Schüssel und ein Leinentuch mit Kreuzstichkante. Natürliches Fensterlicht von links, weiche Schatten, kein Blitz, kein Studioglanz. Wie mit 50-mm-Objektiv bei Blende f/4 fotografiert, Hintergrund leicht unscharf, Gericht scharf. Gedeckte warme Palette aus Leinen, Sand und Ton, keine grellen Farben, kein Weißabgleich ins Kalte. Ehrlich und appetitlich statt hochglanzpoliert, so wie es zu Hause auf den Tisch kommt, keine Perfektion. Querformat 3:2, Gericht mittig mit Luft nach allen Seiten. NICHT: kein Text, keine Schrift, keine Buchstaben, kein Logo, kein Wasserzeichen, keine Hände, keine Menschen, kein Besteck in Bewegung, keine Collage, kein Rahmen, kein Rand."
hafalaab.jpg,hafalaab,Hafalaab,Liechtenstein,Europa,Suppe,Fleisch,"Food-Fotografie: Hafalaab, Suppe aus Liechtenstein. Im Bild klar erkennbar: Maisgrieß, Eier, geräuchertes Rind. Leichte Schrägsicht von 30 Grad, serviert in tiefer Steingutteller, der Dampf gerade noch sichtbar. Untergrund: geöltes Eichenholz; ein Steingutkrug und ein karierter Tuchzipfel am Rand. Natürliches Fensterlicht von links, weiche Schatten, kein Blitz, kein Studioglanz. Wie mit 50-mm-Objektiv bei Blende f/4 fotografiert, Hintergrund leicht unscharf, Gericht scharf. Gedeckte warme Palette aus Leinen, Sand und Ton, keine grellen Farben, kein Weißabgleich ins Kalte. Ehrlich und appetitlich statt hochglanzpoliert, so wie es zu Hause auf den Tisch kommt, keine Perfektion. Querformat 3:2, Gericht mittig mit Luft nach allen Seiten. NICHT: kein Text, keine Schrift, keine Buchstaben, kein Logo, kein Wasserzeichen, keine Hände, keine Menschen, kein Besteck in Bewegung, keine Collage, kein Rahmen, kein Rand."
kaesknoepfle.jpg,kaesknoepfle,Käsknöpfle,Liechtenstein,Europa,Hauptgericht,Vegetarisch,"Food-Fotografie: Käsknöpfle, Hauptgericht aus Liechtenstein. Im Bild klar erkennbar: Eier, würziger Bergkäse, Zwiebeln. Schrägsicht von 45 Grad, serviert in flache Servierplatte oder große Schale, eine Portion angerichtet, der Rest angedeutet im Hintergrund. Untergrund: geöltes Eichenholz; ein Steingutkrug und ein karierter Tuchzipfel am Rand. Natürliches Fensterlicht von links, weiche Schatten, kein Blitz, kein Studioglanz. Wie mit 50-mm-Objektiv bei Blende f/4 fotografiert, Hintergrund leicht unscharf, Gericht scharf. Gedeckte warme Palette aus Leinen, Sand und Ton, keine grellen Farben, kein Weißabgleich ins Kalte. Ehrlich und appetitlich statt hochglanzpoliert, so wie es zu Hause auf den Tisch kommt, keine Perfektion. Querformat 3:2, Gericht mittig mit Luft nach allen Seiten. NICHT: kein Text, keine Schrift, keine Buchstaben, kein Logo, kein Wasserzeichen, keine Hände, keine Menschen, kein Besteck in Bewegung, keine Collage, kein Rahmen, kein Rand."
ribel.jpg,ribel,Ribel,Liechtenstein,Europa,Frühstück,Vegetarisch,"Food-Fotografie: Ribel, Frühstück aus Liechtenstein. Im Bild klar erkennbar: Maisgrieß, Weizengrieß, Milch. Schrägsicht von 45 Grad, serviert auf Frühstücksbrett oder Teller, Morgenlicht, ein Tuch beiläufig danebengelegt. Untergrund: geöltes Eichenholz; ein Steingutkrug und ein karierter Tuchzipfel am Rand. Natürliches Fensterlicht von links, weiche Schatten, kein Blitz, kein Studioglanz. Wie mit 50-mm-Objektiv bei Blende f/4 fotografiert, Hintergrund leicht unscharf, Gericht scharf. Gedeckte warme Palette aus Leinen, Sand und Ton, keine grellen Farben, kein Weißabgleich ins Kalte. Ehrlich und appetitlich statt hochglanzpoliert, so wie es zu Hause auf den Tisch kommt, keine Perfektion. Querformat 3:2, Gericht mittig mit Luft nach allen Seiten. NICHT: kein Text, keine Schrift, keine Buchstaben, kein Logo, kein Wasserzeichen, keine Hände, keine Menschen, kein Besteck in Bewegung, keine Collage, kein Rahmen, kein Rand."
cepelinai.jpg,cepelinai,Cepelinai,Litauen,Europa,Hauptgericht,Fleisch,"Food-Fotografie: Cepelinai, Hauptgericht aus Litauen. Im Bild klar erkennbar: Kartoffeln, Rinderhack, Zwiebeln. Schrägsicht von 45 Grad, serviert in flache Servierplatte oder große Schale, eine Portion angerichtet, der Rest angedeutet im Hintergrund. Untergrund: dunkler Holztisch mit sichtbaren Gebrauchsspuren; eine emaillierte Schüssel und ein Leinentuch mit Kreuzstichkante. Natürliches Fensterlicht von links, weiche Schatten, kein Blitz, kein Studioglanz. Wie mit 50-mm-Objektiv bei Blende f/4 fotografiert, Hintergrund leicht unscharf, Gericht scharf. Gedeckte warme Palette aus Leinen, Sand und Ton, keine grellen Farben, kein Weißabgleich ins Kalte. Ehrlich und appetitlich statt hochglanzpoliert, so wie es zu Hause auf den Tisch kommt, keine Perfektion. Querformat 3:2, Gericht mittig mit Luft nach allen Seiten. NICHT: kein Text, keine Schrift, keine Buchstaben, kein Logo, kein Wasserzeichen, keine Hände, keine Menschen, kein Besteck in Bewegung, keine Collage, kein Rahmen, kein Rand."
akotis.jpg,akotis,Šakotis,Litauen,Europa,Dessert,Vegetarisch,"Food-Fotografie: Šakotis, Dessert aus Litauen. Im Bild klar erkennbar: Eier, Butter, saure Sahne. Fast auf Augenhöhe, 20 Grad, serviert in Kuchenteller oder Glasschale, die Schichten oder die Kruste sichtbar. Untergrund: dunkler Holztisch mit sichtbaren Gebrauchsspuren; eine emaillierte Schüssel und ein Leinentuch mit Kreuzstichkante. Natürliches Fensterlicht von links, weiche Schatten, kein Blitz, kein Studioglanz. Wie mit 50-mm-Objektiv bei Blende f/4 fotografiert, Hintergrund leicht unscharf, Gericht scharf. Gedeckte warme Palette aus Leinen, Sand und Ton, keine grellen Farben, kein Weißabgleich ins Kalte. Ehrlich und appetitlich statt hochglanzpoliert, so wie es zu Hause auf den Tisch kommt, keine Perfektion. Querformat 3:2, Gericht mittig mit Luft nach allen Seiten. NICHT: kein Text, keine Schrift, keine Buchstaben, kein Logo, kein Wasserzeichen, keine Hände, keine Menschen, kein Besteck in Bewegung, keine Collage, kein Rahmen, kein Rand."
altibar-iai.jpg,altibar-iai,Šaltibarščiai,Litauen,Europa,Vorspeise,Vegetarisch,"Food-Fotografie: Šaltibarščiai, Vorspeise aus Litauen. Im Bild klar erkennbar: Kefir, Rote Bete, Salatgurke. Aufsicht von 90 Grad, serviert auf kleiner flacher Teller, viel freie Fläche um den Teller. Untergrund: dunkler Holztisch mit sichtbaren Gebrauchsspuren; eine emaillierte Schüssel und ein Leinentuch mit Kreuzstichkante. Natürliches Fensterlicht von links, weiche Schatten, kein Blitz, kein Studioglanz. Wie mit 50-mm-Objektiv bei Blende f/4 fotografiert, Hintergrund leicht unscharf, Gericht scharf. Gedeckte warme Palette aus Leinen, Sand und Ton, keine grellen Farben, kein Weißabgleich ins Kalte. Ehrlich und appetitlich statt hochglanzpoliert, so wie es zu Hause auf den Tisch kommt, keine Perfektion. Querformat 3:2, Gericht mittig mit Luft nach allen Seiten. NICHT: kein Text, keine Schrift, keine Buchstaben, kein Logo, kein Wasserzeichen, keine Hände, keine Menschen, kein Besteck in Bewegung, keine Collage, kein Rahmen, kein Rand."
bouneschlupp.jpg,bouneschlupp,Bouneschlupp,Luxemburg,Europa,Suppe,Vegetarisch,"Food-Fotografie: Bouneschlupp, Suppe aus Luxemburg. Im Bild klar erkennbar: grüne Bohnen, Kartoffeln, auchstange. Leichte Schrägsicht von 30 Grad, serviert in tiefer Steingutteller, der Dampf gerade noch sichtbar. Untergrund: heller Marmor mit grauer Ader; ein Kupfertopf und ein gefaltetes Leinentuch am Rand. Natürliches Fensterlicht von links, weiche Schatten, kein Blitz, kein Studioglanz. Wie mit 50-mm-Objektiv bei Blende f/4 fotografiert, Hintergrund leicht unscharf, Gericht scharf. Gedeckte warme Palette aus Leinen, Sand und Ton, keine grellen Farben, kein Weißabgleich ins Kalte. Ehrlich und appetitlich statt hochglanzpoliert, so wie es zu Hause auf den Tisch kommt, keine Perfektion. Querformat 3:2, Gericht mittig mit Luft nach allen Seiten. NICHT: kein Text, keine Schrift, keine Buchstaben, kein Logo, kein Wasserzeichen, keine Hände, keine Menschen, kein Besteck in Bewegung, keine Collage, kein Rahmen, kein Rand."
gromperekichelcher.jpg,gromperekichelcher,Gromperekichelcher,Luxemburg,Europa,Beilage,Vegetarisch,"Food-Fotografie: Gromperekichelcher, Beilage aus Luxemburg. Im Bild klar erkennbar: Zwiebel, Schalotten, Petersilie. Schrägsicht von 45 Grad, serviert in kleine Schüssel, als Teil eines größeren Tisches angedeutet. Untergrund: heller Marmor mit grauer Ader; ein Kupfertopf und ein gefaltetes Leinentuch am Rand. Natürliches Fensterlicht von links, weiche Schatten, kein Blitz, kein Studioglanz. Wie mit 50-mm-Objektiv bei Blende f/4 fotografiert, Hintergrund leicht unscharf, Gericht scharf. Gedeckte warme Palette aus Leinen, Sand und Ton, keine grellen Farben, kein Weißabgleich ins Kalte. Ehrlich und appetitlich statt hochglanzpoliert, so wie es zu Hause auf den Tisch kommt, keine Perfektion. Querformat 3:2, Gericht mittig mit Luft nach allen Seiten. NICHT: kein Text, keine Schrift, keine Buchstaben, kein Logo, kein Wasserzeichen, keine Hände, keine Menschen, kein Besteck in Bewegung, keine Collage, kein Rahmen, kein Rand."
judd-mat-gaardebounen.jpg,judd-mat-gaardebounen,Judd mat Gaardebounen,Luxemburg,Europa,Hauptgericht,Fleisch,"Food-Fotografie: Judd mat Gaardebounen, Hauptgericht aus Luxemburg. Im Bild klar erkennbar: geräucherte Rinderbrust oder Pastrami am Stück, dicke Bohnen, Zwiebel. Schrägsicht von 45 Grad, serviert in flache Servierplatte oder große Schale, eine Portion angerichtet, der Rest angedeutet im Hintergrund. Untergrund: heller Marmor mit grauer Ader; ein Kupfertopf und ein gefaltetes Leinentuch am Rand. Natürliches Fensterlicht von links, weiche Schatten, kein Blitz, kein Studioglanz. Wie mit 50-mm-Objektiv bei Blende f/4 fotografiert, Hintergrund leicht unscharf, Gericht scharf. Gedeckte warme Palette aus Leinen, Sand und Ton, keine grellen Farben, kein Weißabgleich ins Kalte. Ehrlich und appetitlich statt hochglanzpoliert, so wie es zu Hause auf den Tisch kommt, keine Perfektion. Querformat 3:2, Gericht mittig mit Luft nach allen Seiten. NICHT: kein Text, keine Schrift, keine Buchstaben, kein Logo, kein Wasserzeichen, keine Hände, keine Menschen, kein Besteck in Bewegung, keine Collage, kein Rahmen, kein Rand."
aljotta.jpg,aljotta,Aljotta,Malta,Europa,Suppe,Fisch,"Food-Fotografie: Aljotta, Suppe aus Malta. Im Bild klar erkennbar: gemischter Suppenfisch und Fischabschnitte, anze Knolle Knoblauch, reife Tomaten. Leichte Schrägsicht von 30 Grad, serviert in tiefer Steingutteller, der Dampf gerade noch sichtbar. Untergrund: unbehandelter Terrakotta-Untergrund; ein Olivenholzbrett und ein Zweig Rosmarin am Rand. Natürliches Fensterlicht von links, weiche Schatten, kein Blitz, kein Studioglanz. Wie mit 50-mm-Objektiv bei Blende f/4 fotografiert, Hintergrund leicht unscharf, Gericht scharf. Gedeckte warme Palette aus Leinen, Sand und Ton, keine grellen Farben, kein Weißabgleich ins Kalte. Ehrlich und appetitlich statt hochglanzpoliert, so wie es zu Hause auf den Tisch kommt, keine Perfektion. Querformat 3:2, Gericht mittig mit Luft nach allen Seiten. NICHT: kein Text, keine Schrift, keine Buchstaben, kein Logo, kein Wasserzeichen, keine Hände, keine Menschen, kein Besteck in Bewegung, keine Collage, kein Rahmen, kein Rand."
bragioli.jpg,bragioli,Bragioli,Malta,Europa,Hauptgericht,Fleisch,"Food-Fotografie: Bragioli, Hauptgericht aus Malta. Im Bild klar erkennbar: dünn geschnittenes Rindfleisch, hartgekochte Eier, Semmelbrösel. Schrägsicht von 45 Grad, serviert in flache Servierplatte oder große Schale, eine Portion angerichtet, der Rest angedeutet im Hintergrund. Untergrund: unbehandelter Terrakotta-Untergrund; ein Olivenholzbrett und ein Zweig Rosmarin am Rand. Natürliches Fensterlicht von links, weiche Schatten, kein Blitz, kein Studioglanz. Wie mit 50-mm-Objektiv bei Blende f/4 fotografiert, Hintergrund leicht unscharf, Gericht scharf. Gedeckte warme Palette aus Leinen, Sand und Ton, keine grellen Farben, kein Weißabgleich ins Kalte. Ehrlich und appetitlich statt hochglanzpoliert, so wie es zu Hause auf den Tisch kommt, keine Perfektion. Querformat 3:2, Gericht mittig mit Luft nach allen Seiten. NICHT: kein Text, keine Schrift, keine Buchstaben, kein Logo, kein Wasserzeichen, keine Hände, keine Menschen, kein Besteck in Bewegung, keine Collage, kein Rahmen, kein Rand."
pastizzi-tal-irkotta.jpg,pastizzi-tal-irkotta,Pastizzi tal-irkotta,Malta,Europa,Frühstück,Vegetarisch,"Food-Fotografie: Pastizzi tal-irkotta, Frühstück aus Malta. Im Bild klar erkennbar: Blätterteig, Ricotta, Eier. Schrägsicht von 45 Grad, serviert auf Frühstücksbrett oder Teller, Morgenlicht, ein Tuch beiläufig danebengelegt. Untergrund: unbehandelter Terrakotta-Untergrund; ein Olivenholzbrett und ein Zweig Rosmarin am Rand. Natürliches Fensterlicht von links, weiche Schatten, kein Blitz, kein Studioglanz. Wie mit 50-mm-Objektiv bei Blende f/4 fotografiert, Hintergrund leicht unscharf, Gericht scharf. Gedeckte warme Palette aus Leinen, Sand und Ton, keine grellen Farben, kein Weißabgleich ins Kalte. Ehrlich und appetitlich statt hochglanzpoliert, so wie es zu Hause auf den Tisch kommt, keine Perfektion. Querformat 3:2, Gericht mittig mit Luft nach allen Seiten. NICHT: kein Text, keine Schrift, keine Buchstaben, kein Logo, kein Wasserzeichen, keine Hände, keine Menschen, kein Besteck in Bewegung, keine Collage, kein Rahmen, kein Rand."
m-m-lig.jpg,m-m-lig,Mămăligă,Moldau,Europa,Hauptgericht,Vegetarisch,"Food-Fotografie: Mămăligă, Hauptgericht aus der Republik Moldau. Im Bild klar erkennbar: Maisgrieß, Schafskäse  oder Feta, saure Sahne. Schrägsicht von 45 Grad, serviert in flache Servierplatte oder große Schale, eine Portion angerichtet, der Rest angedeutet im Hintergrund. Untergrund: dunkler Holztisch mit sichtbaren Gebrauchsspuren; eine emaillierte Schüssel und ein Leinentuch mit Kreuzstichkante. Natürliches Fensterlicht von links, weiche Schatten, kein Blitz, kein Studioglanz. Wie mit 50-mm-Objektiv bei Blende f/4 fotografiert, Hintergrund leicht unscharf, Gericht scharf. Gedeckte warme Palette aus Leinen, Sand und Ton, keine grellen Farben, kein Weißabgleich ins Kalte. Ehrlich und appetitlich statt hochglanzpoliert, so wie es zu Hause auf den Tisch kommt, keine Perfektion. Querformat 3:2, Gericht mittig mit Luft nach allen Seiten. NICHT: kein Text, keine Schrift, keine Buchstaben, kein Logo, kein Wasserzeichen, keine Hände, keine Menschen, kein Besteck in Bewegung, keine Collage, kein Rahmen, kein Rand."
pl-cint.jpg,pl-cint,Plăcintă,Moldau,Europa,Snack,Vegetarisch,"Food-Fotografie: Plăcintă, Snack aus der Republik Moldau. Im Bild klar erkennbar: Schafskäse  oder Feta, Butter zum Bestreichen. Aufsicht von 90 Grad, serviert auf Holzbrett oder Papier, mehrere Stücke locker verteilt. Untergrund: dunkler Holztisch mit sichtbaren Gebrauchsspuren; eine emaillierte Schüssel und ein Leinentuch mit Kreuzstichkante. Natürliches Fensterlicht von links, weiche Schatten, kein Blitz, kein Studioglanz. Wie mit 50-mm-Objektiv bei Blende f/4 fotografiert, Hintergrund leicht unscharf, Gericht scharf. Gedeckte warme Palette aus Leinen, Sand und Ton, keine grellen Farben, kein Weißabgleich ins Kalte. Ehrlich und appetitlich statt hochglanzpoliert, so wie es zu Hause auf den Tisch kommt, keine Perfektion. Querformat 3:2, Gericht mittig mit Luft nach allen Seiten. NICHT: kein Text, keine Schrift, keine Buchstaben, kein Logo, kein Wasserzeichen, keine Hände, keine Menschen, kein Besteck in Bewegung, keine Collage, kein Rahmen, kein Rand."
sarmale.jpg,sarmale,Sarmale,Moldau,Europa,Hauptgericht,Fleisch,"Food-Fotografie: Sarmale, Hauptgericht aus der Republik Moldau. Im Bild klar erkennbar: Kopf Sauerkraut/Spitzkohl oder Weinblätter, Rinderhack, Reis. Schrägsicht von 45 Grad, serviert in flache Servierplatte oder große Schale, eine Portion angerichtet, der Rest angedeutet im Hintergrund. Untergrund: dunkler Holztisch mit sichtbaren Gebrauchsspuren; eine emaillierte Schüssel und ein Leinentuch mit Kreuzstichkante. Natürliches Fensterlicht von links, weiche Schatten, kein Blitz, kein Studioglanz. Wie mit 50-mm-Objektiv bei Blende f/4 fotografiert, Hintergrund leicht unscharf, Gericht scharf. Gedeckte warme Palette aus Leinen, Sand und Ton, keine grellen Farben, kein Weißabgleich ins Kalte. Ehrlich und appetitlich statt hochglanzpoliert, so wie es zu Hause auf den Tisch kommt, keine Perfektion. Querformat 3:2, Gericht mittig mit Luft nach allen Seiten. NICHT: kein Text, keine Schrift, keine Buchstaben, kein Logo, kein Wasserzeichen, keine Hände, keine Menschen, kein Besteck in Bewegung, keine Collage, kein Rahmen, kein Rand."
barbagiuan.jpg,barbagiuan,Barbagiuan,Monaco,Europa,Vorspeise,Vegetarisch,"Food-Fotografie: Barbagiuan, Vorspeise aus Monaco. Im Bild klar erkennbar: Mangold, Ricotta, Parmesan. Aufsicht von 90 Grad, serviert auf kleiner flacher Teller, viel freie Fläche um den Teller. Untergrund: unbehandelter Terrakotta-Untergrund; ein Olivenholzbrett und ein Zweig Rosmarin am Rand. Natürliches Fensterlicht von links, weiche Schatten, kein Blitz, kein Studioglanz. Wie mit 50-mm-Objektiv bei Blende f/4 fotografiert, Hintergrund leicht unscharf, Gericht scharf. Gedeckte warme Palette aus Leinen, Sand und Ton, keine grellen Farben, kein Weißabgleich ins Kalte. Ehrlich und appetitlich statt hochglanzpoliert, so wie es zu Hause auf den Tisch kommt, keine Perfektion. Querformat 3:2, Gericht mittig mit Luft nach allen Seiten. NICHT: kein Text, keine Schrift, keine Buchstaben, kein Logo, kein Wasserzeichen, keine Hände, keine Menschen, kein Besteck in Bewegung, keine Collage, kein Rahmen, kein Rand."
fougasse-mon-gasque.jpg,fougasse-mon-gasque,Fougasse monégasque,Monaco,Europa,Snack,Vegetarisch,"Food-Fotografie: Fougasse monégasque, Snack aus Monaco. Im Bild klar erkennbar: lauwarme Milch, Eier, Anissamen. Aufsicht von 90 Grad, serviert auf Holzbrett oder Papier, mehrere Stücke locker verteilt. Untergrund: unbehandelter Terrakotta-Untergrund; ein Olivenholzbrett und ein Zweig Rosmarin am Rand. Natürliches Fensterlicht von links, weiche Schatten, kein Blitz, kein Studioglanz. Wie mit 50-mm-Objektiv bei Blende f/4 fotografiert, Hintergrund leicht unscharf, Gericht scharf. Gedeckte warme Palette aus Leinen, Sand und Ton, keine grellen Farben, kein Weißabgleich ins Kalte. Ehrlich und appetitlich statt hochglanzpoliert, so wie es zu Hause auf den Tisch kommt, keine Perfektion. Querformat 3:2, Gericht mittig mit Luft nach allen Seiten. NICHT: kein Text, keine Schrift, keine Buchstaben, kein Logo, kein Wasserzeichen, keine Hände, keine Menschen, kein Besteck in Bewegung, keine Collage, kein Rahmen, kein Rand."
stocafi.jpg,stocafi,Stocafi,Monaco,Europa,Hauptgericht,Fisch,"Food-Fotografie: Stocafi, Hauptgericht aus Monaco. Im Bild klar erkennbar: Stockfisch  oder Kabeljaufilet, Zwiebeln, passierte Tomaten. Schrägsicht von 45 Grad, serviert in flache Servierplatte oder große Schale, eine Portion angerichtet, der Rest angedeutet im Hintergrund. Untergrund: unbehandelter Terrakotta-Untergrund; ein Olivenholzbrett und ein Zweig Rosmarin am Rand. Natürliches Fensterlicht von links, weiche Schatten, kein Blitz, kein Studioglanz. Wie mit 50-mm-Objektiv bei Blende f/4 fotografiert, Hintergrund leicht unscharf, Gericht scharf. Gedeckte warme Palette aus Leinen, Sand und Ton, keine grellen Farben, kein Weißabgleich ins Kalte. Ehrlich und appetitlich statt hochglanzpoliert, so wie es zu Hause auf den Tisch kommt, keine Perfektion. Querformat 3:2, Gericht mittig mit Luft nach allen Seiten. NICHT: kein Text, keine Schrift, keine Buchstaben, kein Logo, kein Wasserzeichen, keine Hände, keine Menschen, kein Besteck in Bewegung, keine Collage, kein Rahmen, kein Rand."
crni-ri-ot.jpg,crni-ri-ot,Crni rižot,Montenegro,Europa,Hauptgericht,Fisch,"Food-Fotografie: Crni rižot, Hauptgericht aus Montenegro. Im Bild klar erkennbar: Risottoreis, Tintenfisch oder Sepia, Beutel Sepiatinte. Schrägsicht von 45 Grad, serviert in flache Servierplatte oder große Schale, eine Portion angerichtet, der Rest angedeutet im Hintergrund. Untergrund: abgenutztes dunkles Holz; ein emaillierter Krug und getrocknete Paprika am Rand. Natürliches Fensterlicht von links, weiche Schatten, kein Blitz, kein Studioglanz. Wie mit 50-mm-Objektiv bei Blende f/4 fotografiert, Hintergrund leicht unscharf, Gericht scharf. Gedeckte warme Palette aus Leinen, Sand und Ton, keine grellen Farben, kein Weißabgleich ins Kalte. Ehrlich und appetitlich statt hochglanzpoliert, so wie es zu Hause auf den Tisch kommt, keine Perfektion. Querformat 3:2, Gericht mittig mit Luft nach allen Seiten. NICHT: kein Text, keine Schrift, keine Buchstaben, kein Logo, kein Wasserzeichen, keine Hände, keine Menschen, kein Besteck in Bewegung, keine Collage, kein Rahmen, kein Rand."
ka-amak.jpg,ka-amak,Kačamak,Montenegro,Europa,Hauptgericht,Vegetarisch,"Food-Fotografie: Kačamak, Hauptgericht aus Montenegro. Im Bild klar erkennbar: Maisgrieß, kajmak, junger Weißkäse. Schrägsicht von 45 Grad, serviert in flache Servierplatte oder große Schale, eine Portion angerichtet, der Rest angedeutet im Hintergrund. Untergrund: abgenutztes dunkles Holz; ein emaillierter Krug und getrocknete Paprika am Rand. Natürliches Fensterlicht von links, weiche Schatten, kein Blitz, kein Studioglanz. Wie mit 50-mm-Objektiv bei Blende f/4 fotografiert, Hintergrund leicht unscharf, Gericht scharf. Gedeckte warme Palette aus Leinen, Sand und Ton, keine grellen Farben, kein Weißabgleich ins Kalte. Ehrlich und appetitlich statt hochglanzpoliert, so wie es zu Hause auf den Tisch kommt, keine Perfektion. Querformat 3:2, Gericht mittig mit Luft nach allen Seiten. NICHT: kein Text, keine Schrift, keine Buchstaben, kein Logo, kein Wasserzeichen, keine Hände, keine Menschen, kein Besteck in Bewegung, keine Collage, kein Rahmen, kein Rand."
priganice.jpg,priganice,Priganice,Montenegro,Europa,Snack,Vegetarisch,"Food-Fotografie: Priganice, Snack aus Montenegro. Im Bild klar erkennbar: Honig. Aufsicht von 90 Grad, serviert auf Holzbrett oder Papier, mehrere Stücke locker verteilt. Untergrund: abgenutztes dunkles Holz; ein emaillierter Krug und getrocknete Paprika am Rand. Natürliches Fensterlicht von links, weiche Schatten, kein Blitz, kein Studioglanz. Wie mit 50-mm-Objektiv bei Blende f/4 fotografiert, Hintergrund leicht unscharf, Gericht scharf. Gedeckte warme Palette aus Leinen, Sand und Ton, keine grellen Farben, kein Weißabgleich ins Kalte. Ehrlich und appetitlich statt hochglanzpoliert, so wie es zu Hause auf den Tisch kommt, keine Perfektion. Querformat 3:2, Gericht mittig mit Luft nach allen Seiten. NICHT: kein Text, keine Schrift, keine Buchstaben, kein Logo, kein Wasserzeichen, keine Hände, keine Menschen, kein Besteck in Bewegung, keine Collage, kein Rahmen, kein Rand."
bitterballen.jpg,bitterballen,Bitterballen,Niederlande,Europa,Vorspeise,Fleisch,"Food-Fotografie: Bitterballen, Vorspeise aus den Niederlanden. Im Bild klar erkennbar: gekochtes Rind- oder Kalbfleisch, Butter, Petersilie. Aufsicht von 90 Grad, serviert auf kleiner flacher Teller, viel freie Fläche um den Teller. Untergrund: heller Marmor mit grauer Ader; ein Kupfertopf und ein gefaltetes Leinentuch am Rand. Natürliches Fensterlicht von links, weiche Schatten, kein Blitz, kein Studioglanz. Wie mit 50-mm-Objektiv bei Blende f/4 fotografiert, Hintergrund leicht unscharf, Gericht scharf. Gedeckte warme Palette aus Leinen, Sand und Ton, keine grellen Farben, kein Weißabgleich ins Kalte. Ehrlich und appetitlich statt hochglanzpoliert, so wie es zu Hause auf den Tisch kommt, keine Perfektion. Querformat 3:2, Gericht mittig mit Luft nach allen Seiten. NICHT: kein Text, keine Schrift, keine Buchstaben, kein Logo, kein Wasserzeichen, keine Hände, keine Menschen, kein Besteck in Bewegung, keine Collage, kein Rahmen, kein Rand."
erwtensoep.jpg,erwtensoep,Erwtensoep,Niederlande,Europa,Suppe,,"Food-Fotografie: Erwtensoep, Suppe aus den Niederlanden. Im Bild klar erkennbar: getrocknete Spalterbsen, Möhren, Knollensellerie. Leichte Schrägsicht von 30 Grad, serviert in tiefer Steingutteller, der Dampf gerade noch sichtbar. Untergrund: heller Marmor mit grauer Ader; ein Kupfertopf und ein gefaltetes Leinentuch am Rand. Natürliches Fensterlicht von links, weiche Schatten, kein Blitz, kein Studioglanz. Wie mit 50-mm-Objektiv bei Blende f/4 fotografiert, Hintergrund leicht unscharf, Gericht scharf. Gedeckte warme Palette aus Leinen, Sand und Ton, keine grellen Farben, kein Weißabgleich ins Kalte. Ehrlich und appetitlich statt hochglanzpoliert, so wie es zu Hause auf den Tisch kommt, keine Perfektion. Querformat 3:2, Gericht mittig mit Luft nach allen Seiten. NICHT: kein Text, keine Schrift, keine Buchstaben, kein Logo, kein Wasserzeichen, keine Hände, keine Menschen, kein Besteck in Bewegung, keine Collage, kein Rahmen, kein Rand."
stroopwafels.jpg,stroopwafels,Stroopwafels,Niederlande,Europa,Snack,Vegetarisch,"Food-Fotografie: Stroopwafels, Snack aus den Niederlanden. Im Bild klar erkennbar: Butter, Zimt, Sirup. Aufsicht von 90 Grad, serviert auf Holzbrett oder Papier, mehrere Stücke locker verteilt. Untergrund: heller Marmor mit grauer Ader; ein Kupfertopf und ein gefaltetes Leinentuch am Rand. Natürliches Fensterlicht von links, weiche Schatten, kein Blitz, kein Studioglanz. Wie mit 50-mm-Objektiv bei Blende f/4 fotografiert, Hintergrund leicht unscharf, Gericht scharf. Gedeckte warme Palette aus Leinen, Sand und Ton, keine grellen Farben, kein Weißabgleich ins Kalte. Ehrlich und appetitlich statt hochglanzpoliert, so wie es zu Hause auf den Tisch kommt, keine Perfektion. Querformat 3:2, Gericht mittig mit Luft nach allen Seiten. NICHT: kein Text, keine Schrift, keine Buchstaben, kein Logo, kein Wasserzeichen, keine Hände, keine Menschen, kein Besteck in Bewegung, keine Collage, kein Rahmen, kein Rand."
ajvar.jpg,ajvar,Ajvar,Nordmazedonien,Europa,Vorspeise,"Vegetarisch, Vegan","Food-Fotografie: Ajvar, Vorspeise aus Nordmazedonien. Im Bild klar erkennbar: rote Spitzpaprika, Aubergine, Knoblauch. Aufsicht von 90 Grad, serviert auf kleiner flacher Teller, viel freie Fläche um den Teller. Untergrund: abgenutztes dunkles Holz; ein emaillierter Krug und getrocknete Paprika am Rand. Natürliches Fensterlicht von links, weiche Schatten, kein Blitz, kein Studioglanz. Wie mit 50-mm-Objektiv bei Blende f/4 fotografiert, Hintergrund leicht unscharf, Gericht scharf. Gedeckte warme Palette aus Leinen, Sand und Ton, keine grellen Farben, kein Weißabgleich ins Kalte. Ehrlich und appetitlich statt hochglanzpoliert, so wie es zu Hause auf den Tisch kommt, keine Perfektion. Querformat 3:2, Gericht mittig mit Luft nach allen Seiten. NICHT: kein Text, keine Schrift, keine Buchstaben, kein Logo, kein Wasserzeichen, keine Hände, keine Menschen, kein Besteck in Bewegung, keine Collage, kein Rahmen, kein Rand."
revani.jpg,revani,Revani,Nordmazedonien,Europa,Dessert,Vegetarisch,"Food-Fotografie: Revani, Dessert aus Nordmazedonien. Im Bild klar erkennbar: feiner Grieß, Eier, Zitrone. Fast auf Augenhöhe, 20 Grad, serviert in Kuchenteller oder Glasschale, die Schichten oder die Kruste sichtbar. Untergrund: abgenutztes dunkles Holz; ein emaillierter Krug und getrocknete Paprika am Rand. Natürliches Fensterlicht von links, weiche Schatten, kein Blitz, kein Studioglanz. Wie mit 50-mm-Objektiv bei Blende f/4 fotografiert, Hintergrund leicht unscharf, Gericht scharf. Gedeckte warme Palette aus Leinen, Sand und Ton, keine grellen Farben, kein Weißabgleich ins Kalte. Ehrlich und appetitlich statt hochglanzpoliert, so wie es zu Hause auf den Tisch kommt, keine Perfektion. Querformat 3:2, Gericht mittig mit Luft nach allen Seiten. NICHT: kein Text, keine Schrift, keine Buchstaben, kein Logo, kein Wasserzeichen, keine Hände, keine Menschen, kein Besteck in Bewegung, keine Collage, kein Rahmen, kein Rand."
tav-e-grav-e.jpg,tav-e-grav-e,Tavče gravče,Nordmazedonien,Europa,Hauptgericht,Vegetarisch,"Food-Fotografie: Tavče gravče, Hauptgericht aus Nordmazedonien. Im Bild klar erkennbar: weiße Bohnen, Zwiebeln, edelsüßes Paprikapulver. Schrägsicht von 45 Grad, serviert in flache Servierplatte oder große Schale, eine Portion angerichtet, der Rest angedeutet im Hintergrund. Untergrund: abgenutztes dunkles Holz; ein emaillierter Krug und getrocknete Paprika am Rand. Natürliches Fensterlicht von links, weiche Schatten, kein Blitz, kein Studioglanz. Wie mit 50-mm-Objektiv bei Blende f/4 fotografiert, Hintergrund leicht unscharf, Gericht scharf. Gedeckte warme Palette aus Leinen, Sand und Ton, keine grellen Farben, kein Weißabgleich ins Kalte. Ehrlich und appetitlich statt hochglanzpoliert, so wie es zu Hause auf den Tisch kommt, keine Perfektion. Querformat 3:2, Gericht mittig mit Luft nach allen Seiten. NICHT: kein Text, keine Schrift, keine Buchstaben, kein Logo, kein Wasserzeichen, keine Hände, keine Menschen, kein Besteck in Bewegung, keine Collage, kein Rahmen, kein Rand."
f-rik-l.jpg,f-rik-l,Fårikål,Norwegen,Europa,Hauptgericht,"Fleisch, Lamm","Food-Fotografie: Fårikål, Hauptgericht aus Norwegen. Im Bild klar erkennbar: Lamm- oder Hammelfleisch mit Knochen, Weißkohl. Schrägsicht von 45 Grad, serviert in flache Servierplatte oder große Schale, eine Portion angerichtet, der Rest angedeutet im Hintergrund. Untergrund: helles, fast weißes Holz; grobes Leinen und ein schlichtes Steingutgefäß am Rand. Natürliches Fensterlicht von links, weiche Schatten, kein Blitz, kein Studioglanz. Wie mit 50-mm-Objektiv bei Blende f/4 fotografiert, Hintergrund leicht unscharf, Gericht scharf. Gedeckte warme Palette aus Leinen, Sand und Ton, keine grellen Farben, kein Weißabgleich ins Kalte. Ehrlich und appetitlich statt hochglanzpoliert, so wie es zu Hause auf den Tisch kommt, keine Perfektion. Querformat 3:2, Gericht mittig mit Luft nach allen Seiten. NICHT: kein Text, keine Schrift, keine Buchstaben, kein Logo, kein Wasserzeichen, keine Hände, keine Menschen, kein Besteck in Bewegung, keine Collage, kein Rahmen, kein Rand."
gravlaks.jpg,gravlaks,Gravlaks,Norwegen,Europa,Vorspeise,Fisch,"Food-Fotografie: Gravlaks, Vorspeise aus Norwegen. Im Bild klar erkennbar: Lachsfilet mit Haut, frischer Dill, süßer Senf. Aufsicht von 90 Grad, serviert auf kleiner flacher Teller, viel freie Fläche um den Teller. Untergrund: helles, fast weißes Holz; grobes Leinen und ein schlichtes Steingutgefäß am Rand. Natürliches Fensterlicht von links, weiche Schatten, kein Blitz, kein Studioglanz. Wie mit 50-mm-Objektiv bei Blende f/4 fotografiert, Hintergrund leicht unscharf, Gericht scharf. Gedeckte warme Palette aus Leinen, Sand und Ton, keine grellen Farben, kein Weißabgleich ins Kalte. Ehrlich und appetitlich statt hochglanzpoliert, so wie es zu Hause auf den Tisch kommt, keine Perfektion. Querformat 3:2, Gericht mittig mit Luft nach allen Seiten. NICHT: kein Text, keine Schrift, keine Buchstaben, kein Logo, kein Wasserzeichen, keine Hände, keine Menschen, kein Besteck in Bewegung, keine Collage, kein Rahmen, kein Rand."
lefse.jpg,lefse,Lefse,Norwegen,Europa,Snack,Vegetarisch,"Food-Fotografie: Lefse, Snack aus Norwegen. Im Bild klar erkennbar: Butter, Sahne. Aufsicht von 90 Grad, serviert auf Holzbrett oder Papier, mehrere Stücke locker verteilt. Untergrund: helles, fast weißes Holz; grobes Leinen und ein schlichtes Steingutgefäß am Rand. Natürliches Fensterlicht von links, weiche Schatten, kein Blitz, kein Studioglanz. Wie mit 50-mm-Objektiv bei Blende f/4 fotografiert, Hintergrund leicht unscharf, Gericht scharf. Gedeckte warme Palette aus Leinen, Sand und Ton, keine grellen Farben, kein Weißabgleich ins Kalte. Ehrlich und appetitlich statt hochglanzpoliert, so wie es zu Hause auf den Tisch kommt, keine Perfektion. Querformat 3:2, Gericht mittig mit Luft nach allen Seiten. NICHT: kein Text, keine Schrift, keine Buchstaben, kein Logo, kein Wasserzeichen, keine Hände, keine Menschen, kein Besteck in Bewegung, keine Collage, kein Rahmen, kein Rand."
bigos.jpg,bigos,Bigos,Polen,Europa,Hauptgericht,Fleisch,"Food-Fotografie: Bigos, Hauptgericht aus Polen. Im Bild klar erkennbar: Sauerkraut, Weißkohl, Rindfleisch zum Schmoren. Schrägsicht von 45 Grad, serviert in flache Servierplatte oder große Schale, eine Portion angerichtet, der Rest angedeutet im Hintergrund. Untergrund: dunkler Holztisch mit sichtbaren Gebrauchsspuren; eine emaillierte Schüssel und ein Leinentuch mit Kreuzstichkante. Natürliches Fensterlicht von links, weiche Schatten, kein Blitz, kein Studioglanz. Wie mit 50-mm-Objektiv bei Blende f/4 fotografiert, Hintergrund leicht unscharf, Gericht scharf. Gedeckte warme Palette aus Leinen, Sand und Ton, keine grellen Farben, kein Weißabgleich ins Kalte. Ehrlich und appetitlich statt hochglanzpoliert, so wie es zu Hause auf den Tisch kommt, keine Perfektion. Querformat 3:2, Gericht mittig mit Luft nach allen Seiten. NICHT: kein Text, keine Schrift, keine Buchstaben, kein Logo, kein Wasserzeichen, keine Hände, keine Menschen, kein Besteck in Bewegung, keine Collage, kein Rahmen, kein Rand."
pierogi-ruskie.jpg,pierogi-ruskie,Pierogi ruskie,Polen,Europa,Hauptgericht,Vegetarisch,"Food-Fotografie: Pierogi ruskie, Hauptgericht aus Polen. Im Bild klar erkennbar: gekochte Kartoffeln, Quark/Topfen, Zwiebeln. Schrägsicht von 45 Grad, serviert in flache Servierplatte oder große Schale, eine Portion angerichtet, der Rest angedeutet im Hintergrund. Untergrund: dunkler Holztisch mit sichtbaren Gebrauchsspuren; eine emaillierte Schüssel und ein Leinentuch mit Kreuzstichkante. Natürliches Fensterlicht von links, weiche Schatten, kein Blitz, kein Studioglanz. Wie mit 50-mm-Objektiv bei Blende f/4 fotografiert, Hintergrund leicht unscharf, Gericht scharf. Gedeckte warme Palette aus Leinen, Sand und Ton, keine grellen Farben, kein Weißabgleich ins Kalte. Ehrlich und appetitlich statt hochglanzpoliert, so wie es zu Hause auf den Tisch kommt, keine Perfektion. Querformat 3:2, Gericht mittig mit Luft nach allen Seiten. NICHT: kein Text, keine Schrift, keine Buchstaben, kein Logo, kein Wasserzeichen, keine Hände, keine Menschen, kein Besteck in Bewegung, keine Collage, kein Rahmen, kein Rand."
sernik.jpg,sernik,Sernik,Polen,Europa,Dessert,Vegetarisch,"Food-Fotografie: Sernik, Dessert aus Polen. Im Bild klar erkennbar: Quark, Eier, Butter. Fast auf Augenhöhe, 20 Grad, serviert in Kuchenteller oder Glasschale, die Schichten oder die Kruste sichtbar. Untergrund: dunkler Holztisch mit sichtbaren Gebrauchsspuren; eine emaillierte Schüssel und ein Leinentuch mit Kreuzstichkante. Natürliches Fensterlicht von links, weiche Schatten, kein Blitz, kein Studioglanz. Wie mit 50-mm-Objektiv bei Blende f/4 fotografiert, Hintergrund leicht unscharf, Gericht scharf. Gedeckte warme Palette aus Leinen, Sand und Ton, keine grellen Farben, kein Weißabgleich ins Kalte. Ehrlich und appetitlich statt hochglanzpoliert, so wie es zu Hause auf den Tisch kommt, keine Perfektion. Querformat 3:2, Gericht mittig mit Luft nach allen Seiten. NICHT: kein Text, keine Schrift, keine Buchstaben, kein Logo, kein Wasserzeichen, keine Hände, keine Menschen, kein Besteck in Bewegung, keine Collage, kein Rahmen, kein Rand."
bacalhau-br-s.jpg,bacalhau-br-s,Bacalhau à brás,Portugal,Europa,Hauptgericht,Fisch,"Food-Fotografie: Bacalhau à brás, Hauptgericht aus Portugal. Im Bild klar erkennbar: Stockfisch, Kartoffeln, Zwiebeln. Schrägsicht von 45 Grad, serviert in flache Servierplatte oder große Schale, eine Portion angerichtet, der Rest angedeutet im Hintergrund. Untergrund: unbehandelter Terrakotta-Untergrund; ein Olivenholzbrett und ein Zweig Rosmarin am Rand. Natürliches Fensterlicht von links, weiche Schatten, kein Blitz, kein Studioglanz. Wie mit 50-mm-Objektiv bei Blende f/4 fotografiert, Hintergrund leicht unscharf, Gericht scharf. Gedeckte warme Palette aus Leinen, Sand und Ton, keine grellen Farben, kein Weißabgleich ins Kalte. Ehrlich und appetitlich statt hochglanzpoliert, so wie es zu Hause auf den Tisch kommt, keine Perfektion. Querformat 3:2, Gericht mittig mit Luft nach allen Seiten. NICHT: kein Text, keine Schrift, keine Buchstaben, kein Logo, kein Wasserzeichen, keine Hände, keine Menschen, kein Besteck in Bewegung, keine Collage, kein Rahmen, kein Rand."
caldo-verde.jpg,caldo-verde,Caldo verde,Portugal,Europa,Suppe,Vegetarisch,"Food-Fotografie: Caldo verde, Suppe aus Portugal. Im Bild klar erkennbar: Grünkohl, Zwiebel, Knoblauch. Leichte Schrägsicht von 30 Grad, serviert in tiefer Steingutteller, der Dampf gerade noch sichtbar. Untergrund: unbehandelter Terrakotta-Untergrund; ein Olivenholzbrett und ein Zweig Rosmarin am Rand. Natürliches Fensterlicht von links, weiche Schatten, kein Blitz, kein Studioglanz. Wie mit 50-mm-Objektiv bei Blende f/4 fotografiert, Hintergrund leicht unscharf, Gericht scharf. Gedeckte warme Palette aus Leinen, Sand und Ton, keine grellen Farben, kein Weißabgleich ins Kalte. Ehrlich und appetitlich statt hochglanzpoliert, so wie es zu Hause auf den Tisch kommt, keine Perfektion. Querformat 3:2, Gericht mittig mit Luft nach allen Seiten. NICHT: kein Text, keine Schrift, keine Buchstaben, kein Logo, kein Wasserzeichen, keine Hände, keine Menschen, kein Besteck in Bewegung, keine Collage, kein Rahmen, kein Rand."
past-is-de-nata.jpg,past-is-de-nata,Pastéis de nata,Portugal,Europa,Dessert,Vegetarisch,"Food-Fotografie: Pastéis de nata, Dessert aus Portugal. Im Bild klar erkennbar: Rolle Blätterteig, Milch, Eigelb. Fast auf Augenhöhe, 20 Grad, serviert in Kuchenteller oder Glasschale, die Schichten oder die Kruste sichtbar. Untergrund: unbehandelter Terrakotta-Untergrund; ein Olivenholzbrett und ein Zweig Rosmarin am Rand. Natürliches Fensterlicht von links, weiche Schatten, kein Blitz, kein Studioglanz. Wie mit 50-mm-Objektiv bei Blende f/4 fotografiert, Hintergrund leicht unscharf, Gericht scharf. Gedeckte warme Palette aus Leinen, Sand und Ton, keine grellen Farben, kein Weißabgleich ins Kalte. Ehrlich und appetitlich statt hochglanzpoliert, so wie es zu Hause auf den Tisch kommt, keine Perfektion. Querformat 3:2, Gericht mittig mit Luft nach allen Seiten. NICHT: kein Text, keine Schrift, keine Buchstaben, kein Logo, kein Wasserzeichen, keine Hände, keine Menschen, kein Besteck in Bewegung, keine Collage, kein Rahmen, kein Rand."
ciorb-r-d-u-ean.jpg,ciorb-r-d-u-ean,Ciorbă rădăuțeană,Rumänien,Europa,Vorspeise,Geflügel,"Food-Fotografie: Ciorbă rădăuțeană, Vorspeise aus Rumänien. Im Bild klar erkennbar: Hähnchenbrust oder -schenkel, Möhren, Petersilienwurzel. Aufsicht von 90 Grad, serviert auf kleiner flacher Teller, viel freie Fläche um den Teller. Untergrund: abgenutztes dunkles Holz; ein emaillierter Krug und getrocknete Paprika am Rand. Natürliches Fensterlicht von links, weiche Schatten, kein Blitz, kein Studioglanz. Wie mit 50-mm-Objektiv bei Blende f/4 fotografiert, Hintergrund leicht unscharf, Gericht scharf. Gedeckte warme Palette aus Leinen, Sand und Ton, keine grellen Farben, kein Weißabgleich ins Kalte. Ehrlich und appetitlich statt hochglanzpoliert, so wie es zu Hause auf den Tisch kommt, keine Perfektion. Querformat 3:2, Gericht mittig mit Luft nach allen Seiten. NICHT: kein Text, keine Schrift, keine Buchstaben, kein Logo, kein Wasserzeichen, keine Hände, keine Menschen, kein Besteck in Bewegung, keine Collage, kein Rahmen, kein Rand."
cozonac.jpg,cozonac,Cozonac,Rumänien,Europa,Dessert,Vegetarisch,"Food-Fotografie: Cozonac, Dessert aus Rumänien. Im Bild klar erkennbar: Milch, Eier, Butter. Fast auf Augenhöhe, 20 Grad, serviert in Kuchenteller oder Glasschale, die Schichten oder die Kruste sichtbar. Untergrund: abgenutztes dunkles Holz; ein emaillierter Krug und getrocknete Paprika am Rand. Natürliches Fensterlicht von links, weiche Schatten, kein Blitz, kein Studioglanz. Wie mit 50-mm-Objektiv bei Blende f/4 fotografiert, Hintergrund leicht unscharf, Gericht scharf. Gedeckte warme Palette aus Leinen, Sand und Ton, keine grellen Farben, kein Weißabgleich ins Kalte. Ehrlich und appetitlich statt hochglanzpoliert, so wie es zu Hause auf den Tisch kommt, keine Perfektion. Querformat 3:2, Gericht mittig mit Luft nach allen Seiten. NICHT: kein Text, keine Schrift, keine Buchstaben, kein Logo, kein Wasserzeichen, keine Hände, keine Menschen, kein Besteck in Bewegung, keine Collage, kein Rahmen, kein Rand."
mici.jpg,mici,Mici,Rumänien,Europa,Hauptgericht,"Fleisch, Lamm","Food-Fotografie: Mici, Hauptgericht aus Rumänien. Im Bild klar erkennbar: Rinderhack, Lammhack, Knoblauch. Schrägsicht von 45 Grad, serviert in flache Servierplatte oder große Schale, eine Portion angerichtet, der Rest angedeutet im Hintergrund. Untergrund: abgenutztes dunkles Holz; ein emaillierter Krug und getrocknete Paprika am Rand. Natürliches Fensterlicht von links, weiche Schatten, kein Blitz, kein Studioglanz. Wie mit 50-mm-Objektiv bei Blende f/4 fotografiert, Hintergrund leicht unscharf, Gericht scharf. Gedeckte warme Palette aus Leinen, Sand und Ton, keine grellen Farben, kein Weißabgleich ins Kalte. Ehrlich und appetitlich statt hochglanzpoliert, so wie es zu Hause auf den Tisch kommt, keine Perfektion. Querformat 3:2, Gericht mittig mit Luft nach allen Seiten. NICHT: kein Text, keine Schrift, keine Buchstaben, kein Logo, kein Wasserzeichen, keine Hände, keine Menschen, kein Besteck in Bewegung, keine Collage, kein Rahmen, kein Rand."
nidi-di-rondine.jpg,nidi-di-rondine,Nidi di rondine,San Marino,Europa,Hauptgericht,Vegetarisch,"Food-Fotografie: Nidi di rondine, Hauptgericht aus San Marino. Im Bild klar erkennbar: frische Lasagneblätter, Spinat, Ricotta. Schrägsicht von 45 Grad, serviert in flache Servierplatte oder große Schale, eine Portion angerichtet, der Rest angedeutet im Hintergrund. Untergrund: unbehandelter Terrakotta-Untergrund; ein Olivenholzbrett und ein Zweig Rosmarin am Rand. Natürliches Fensterlicht von links, weiche Schatten, kein Blitz, kein Studioglanz. Wie mit 50-mm-Objektiv bei Blende f/4 fotografiert, Hintergrund leicht unscharf, Gericht scharf. Gedeckte warme Palette aus Leinen, Sand und Ton, keine grellen Farben, kein Weißabgleich ins Kalte. Ehrlich und appetitlich statt hochglanzpoliert, so wie es zu Hause auf den Tisch kommt, keine Perfektion. Querformat 3:2, Gericht mittig mit Luft nach allen Seiten. NICHT: kein Text, keine Schrift, keine Buchstaben, kein Logo, kein Wasserzeichen, keine Hände, keine Menschen, kein Besteck in Bewegung, keine Collage, kein Rahmen, kein Rand."
piadina.jpg,piadina,Piadina,San Marino,Europa,Beilage,Vegetarisch,"Food-Fotografie: Piadina, Beilage aus San Marino. Im Bild klar erkennbar: Squacquerone oder Frischkäse, Hand Rucola. Schrägsicht von 45 Grad, serviert in kleine Schüssel, als Teil eines größeren Tisches angedeutet. Untergrund: unbehandelter Terrakotta-Untergrund; ein Olivenholzbrett und ein Zweig Rosmarin am Rand. Natürliches Fensterlicht von links, weiche Schatten, kein Blitz, kein Studioglanz. Wie mit 50-mm-Objektiv bei Blende f/4 fotografiert, Hintergrund leicht unscharf, Gericht scharf. Gedeckte warme Palette aus Leinen, Sand und Ton, keine grellen Farben, kein Weißabgleich ins Kalte. Ehrlich und appetitlich statt hochglanzpoliert, so wie es zu Hause auf den Tisch kommt, keine Perfektion. Querformat 3:2, Gericht mittig mit Luft nach allen Seiten. NICHT: kein Text, keine Schrift, keine Buchstaben, kein Logo, kein Wasserzeichen, keine Hände, keine Menschen, kein Besteck in Bewegung, keine Collage, kein Rahmen, kein Rand."
torta-tre-monti.jpg,torta-tre-monti,Torta Tre Monti,San Marino,Europa,Dessert,Vegetarisch,"Food-Fotografie: Torta Tre Monti, Dessert aus San Marino. Im Bild klar erkennbar: runde Waffelblätter, Haselnusscreme, geröstete Haselnüsse. Fast auf Augenhöhe, 20 Grad, serviert in Kuchenteller oder Glasschale, die Schichten oder die Kruste sichtbar. Untergrund: unbehandelter Terrakotta-Untergrund; ein Olivenholzbrett und ein Zweig Rosmarin am Rand. Natürliches Fensterlicht von links, weiche Schatten, kein Blitz, kein Studioglanz. Wie mit 50-mm-Objektiv bei Blende f/4 fotografiert, Hintergrund leicht unscharf, Gericht scharf. Gedeckte warme Palette aus Leinen, Sand und Ton, keine grellen Farben, kein Weißabgleich ins Kalte. Ehrlich und appetitlich statt hochglanzpoliert, so wie es zu Hause auf den Tisch kommt, keine Perfektion. Querformat 3:2, Gericht mittig mit Luft nach allen Seiten. NICHT: kein Text, keine Schrift, keine Buchstaben, kein Logo, kein Wasserzeichen, keine Hände, keine Menschen, kein Besteck in Bewegung, keine Collage, kein Rahmen, kein Rand."
janssons-frestelse.jpg,janssons-frestelse,Janssons frestelse,Schweden,Europa,Hauptgericht,Fisch,"Food-Fotografie: Janssons frestelse, Hauptgericht aus Schweden. Im Bild klar erkennbar: festkochende Kartoffeln, Zwiebeln, eingelegte Sprotten oder Sardellen. Schrägsicht von 45 Grad, serviert in flache Servierplatte oder große Schale, eine Portion angerichtet, der Rest angedeutet im Hintergrund. Untergrund: helles, fast weißes Holz; grobes Leinen und ein schlichtes Steingutgefäß am Rand. Natürliches Fensterlicht von links, weiche Schatten, kein Blitz, kein Studioglanz. Wie mit 50-mm-Objektiv bei Blende f/4 fotografiert, Hintergrund leicht unscharf, Gericht scharf. Gedeckte warme Palette aus Leinen, Sand und Ton, keine grellen Farben, kein Weißabgleich ins Kalte. Ehrlich und appetitlich statt hochglanzpoliert, so wie es zu Hause auf den Tisch kommt, keine Perfektion. Querformat 3:2, Gericht mittig mit Luft nach allen Seiten. NICHT: kein Text, keine Schrift, keine Buchstaben, kein Logo, kein Wasserzeichen, keine Hände, keine Menschen, kein Besteck in Bewegung, keine Collage, kein Rahmen, kein Rand."
kanelbullar.jpg,kanelbullar,Kanelbullar,Schweden,Europa,Snack,Vegetarisch,"Food-Fotografie: Kanelbullar, Snack aus Schweden. Im Bild klar erkennbar: lauwarme Milch, Butter, gemahlener Kardamom. Aufsicht von 90 Grad, serviert auf Holzbrett oder Papier, mehrere Stücke locker verteilt. Untergrund: helles, fast weißes Holz; grobes Leinen und ein schlichtes Steingutgefäß am Rand. Natürliches Fensterlicht von links, weiche Schatten, kein Blitz, kein Studioglanz. Wie mit 50-mm-Objektiv bei Blende f/4 fotografiert, Hintergrund leicht unscharf, Gericht scharf. Gedeckte warme Palette aus Leinen, Sand und Ton, keine grellen Farben, kein Weißabgleich ins Kalte. Ehrlich und appetitlich statt hochglanzpoliert, so wie es zu Hause auf den Tisch kommt, keine Perfektion. Querformat 3:2, Gericht mittig mit Luft nach allen Seiten. NICHT: kein Text, keine Schrift, keine Buchstaben, kein Logo, kein Wasserzeichen, keine Hände, keine Menschen, kein Besteck in Bewegung, keine Collage, kein Rahmen, kein Rand."
koettbullar.jpg,koettbullar,Köttbullar,Schweden,Europa,Hauptgericht,Fleisch,"Food-Fotografie: Köttbullar, Hauptgericht aus Schweden. Im Bild klar erkennbar: Rinderhack, Kalbshack, Zwiebel. Schrägsicht von 45 Grad, serviert in flache Servierplatte oder große Schale, eine Portion angerichtet, der Rest angedeutet im Hintergrund. Untergrund: helles, fast weißes Holz; grobes Leinen und ein schlichtes Steingutgefäß am Rand. Natürliches Fensterlicht von links, weiche Schatten, kein Blitz, kein Studioglanz. Wie mit 50-mm-Objektiv bei Blende f/4 fotografiert, Hintergrund leicht unscharf, Gericht scharf. Gedeckte warme Palette aus Leinen, Sand und Ton, keine grellen Farben, kein Weißabgleich ins Kalte. Ehrlich und appetitlich statt hochglanzpoliert, so wie es zu Hause auf den Tisch kommt, keine Perfektion. Querformat 3:2, Gericht mittig mit Luft nach allen Seiten. NICHT: kein Text, keine Schrift, keine Buchstaben, kein Logo, kein Wasserzeichen, keine Hände, keine Menschen, kein Besteck in Bewegung, keine Collage, kein Rahmen, kein Rand."
kaesefondue.jpg,kaesefondue,Käsefondue,Schweiz,Europa,Hauptgericht,Vegetarisch,"Food-Fotografie: Käsefondue, Hauptgericht aus der Schweiz. Im Bild klar erkennbar: Gruyère, Vacherin Fribourgeois oder Emmentaler, trockener Weißwein. Schrägsicht von 45 Grad, serviert in flache Servierplatte oder große Schale, eine Portion angerichtet, der Rest angedeutet im Hintergrund. Untergrund: geöltes Eichenholz; ein Steingutkrug und ein karierter Tuchzipfel am Rand. Natürliches Fensterlicht von links, weiche Schatten, kein Blitz, kein Studioglanz. Wie mit 50-mm-Objektiv bei Blende f/4 fotografiert, Hintergrund leicht unscharf, Gericht scharf. Gedeckte warme Palette aus Leinen, Sand und Ton, keine grellen Farben, kein Weißabgleich ins Kalte. Ehrlich und appetitlich statt hochglanzpoliert, so wie es zu Hause auf den Tisch kommt, keine Perfektion. Querformat 3:2, Gericht mittig mit Luft nach allen Seiten. NICHT: kein Text, keine Schrift, keine Buchstaben, kein Logo, kein Wasserzeichen, keine Hände, keine Menschen, kein Besteck in Bewegung, keine Collage, kein Rahmen, kein Rand."
roesti.jpg,roesti,Rösti,Schweiz,Europa,Hauptgericht,Vegetarisch,"Food-Fotografie: Rösti, Hauptgericht aus der Schweiz. Im Bild klar erkennbar: festkochende Kartoffeln, Butter. Schrägsicht von 45 Grad, serviert in flache Servierplatte oder große Schale, eine Portion angerichtet, der Rest angedeutet im Hintergrund. Untergrund: geöltes Eichenholz; ein Steingutkrug und ein karierter Tuchzipfel am Rand. Natürliches Fensterlicht von links, weiche Schatten, kein Blitz, kein Studioglanz. Wie mit 50-mm-Objektiv bei Blende f/4 fotografiert, Hintergrund leicht unscharf, Gericht scharf. Gedeckte warme Palette aus Leinen, Sand und Ton, keine grellen Farben, kein Weißabgleich ins Kalte. Ehrlich und appetitlich statt hochglanzpoliert, so wie es zu Hause auf den Tisch kommt, keine Perfektion. Querformat 3:2, Gericht mittig mit Luft nach allen Seiten. NICHT: kein Text, keine Schrift, keine Buchstaben, kein Logo, kein Wasserzeichen, keine Hände, keine Menschen, kein Besteck in Bewegung, keine Collage, kein Rahmen, kein Rand."
zuercher-geschnetzeltes.jpg,zuercher-geschnetzeltes,Zürcher Geschnetzeltes,Schweiz,Europa,Hauptgericht,Fleisch,"Food-Fotografie: Zürcher Geschnetzeltes, Hauptgericht aus der Schweiz. Im Bild klar erkennbar: Kalbfleisch, Champignons, Zwiebel. Schrägsicht von 45 Grad, serviert in flache Servierplatte oder große Schale, eine Portion angerichtet, der Rest angedeutet im Hintergrund. Untergrund: geöltes Eichenholz; ein Steingutkrug und ein karierter Tuchzipfel am Rand. Natürliches Fensterlicht von links, weiche Schatten, kein Blitz, kein Studioglanz. Wie mit 50-mm-Objektiv bei Blende f/4 fotografiert, Hintergrund leicht unscharf, Gericht scharf. Gedeckte warme Palette aus Leinen, Sand und Ton, keine grellen Farben, kein Weißabgleich ins Kalte. Ehrlich und appetitlich statt hochglanzpoliert, so wie es zu Hause auf den Tisch kommt, keine Perfektion. Querformat 3:2, Gericht mittig mit Luft nach allen Seiten. NICHT: kein Text, keine Schrift, keine Buchstaben, kein Logo, kein Wasserzeichen, keine Hände, keine Menschen, kein Besteck in Bewegung, keine Collage, kein Rahmen, kein Rand."
gibanica.jpg,gibanica,Gibanica,Serbien,Europa,Frühstück,Vegetarisch,"Food-Fotografie: Gibanica, Frühstück aus Serbien. Im Bild klar erkennbar: Filoteigblätter, Weißkäse, Quark. Schrägsicht von 45 Grad, serviert auf Frühstücksbrett oder Teller, Morgenlicht, ein Tuch beiläufig danebengelegt. Untergrund: abgenutztes dunkles Holz; ein emaillierter Krug und getrocknete Paprika am Rand. Natürliches Fensterlicht von links, weiche Schatten, kein Blitz, kein Studioglanz. Wie mit 50-mm-Objektiv bei Blende f/4 fotografiert, Hintergrund leicht unscharf, Gericht scharf. Gedeckte warme Palette aus Leinen, Sand und Ton, keine grellen Farben, kein Weißabgleich ins Kalte. Ehrlich und appetitlich statt hochglanzpoliert, so wie es zu Hause auf den Tisch kommt, keine Perfektion. Querformat 3:2, Gericht mittig mit Luft nach allen Seiten. NICHT: kein Text, keine Schrift, keine Buchstaben, kein Logo, kein Wasserzeichen, keine Hände, keine Menschen, kein Besteck in Bewegung, keine Collage, kein Rahmen, kein Rand."
pljeskavica.jpg,pljeskavica,Pljeskavica,Serbien,Europa,Hauptgericht,"Fleisch, Lamm","Food-Fotografie: Pljeskavica, Hauptgericht aus Serbien. Im Bild klar erkennbar: Rinderhack, Lammhack, Zwiebel. Schrägsicht von 45 Grad, serviert in flache Servierplatte oder große Schale, eine Portion angerichtet, der Rest angedeutet im Hintergrund. Untergrund: abgenutztes dunkles Holz; ein emaillierter Krug und getrocknete Paprika am Rand. Natürliches Fensterlicht von links, weiche Schatten, kein Blitz, kein Studioglanz. Wie mit 50-mm-Objektiv bei Blende f/4 fotografiert, Hintergrund leicht unscharf, Gericht scharf. Gedeckte warme Palette aus Leinen, Sand und Ton, keine grellen Farben, kein Weißabgleich ins Kalte. Ehrlich und appetitlich statt hochglanzpoliert, so wie es zu Hause auf den Tisch kommt, keine Perfektion. Querformat 3:2, Gericht mittig mit Luft nach allen Seiten. NICHT: kein Text, keine Schrift, keine Buchstaben, kein Logo, kein Wasserzeichen, keine Hände, keine Menschen, kein Besteck in Bewegung, keine Collage, kein Rahmen, kein Rand."
prebranac.jpg,prebranac,Prebranac,Serbien,Europa,Hauptgericht,"Vegetarisch, Vegan","Food-Fotografie: Prebranac, Hauptgericht aus Serbien. Im Bild klar erkennbar: weiße Bohnen, Zwiebeln, edelsüßes Paprikapulver. Schrägsicht von 45 Grad, serviert in flache Servierplatte oder große Schale, eine Portion angerichtet, der Rest angedeutet im Hintergrund. Untergrund: abgenutztes dunkles Holz; ein emaillierter Krug und getrocknete Paprika am Rand. Natürliches Fensterlicht von links, weiche Schatten, kein Blitz, kein Studioglanz. Wie mit 50-mm-Objektiv bei Blende f/4 fotografiert, Hintergrund leicht unscharf, Gericht scharf. Gedeckte warme Palette aus Leinen, Sand und Ton, keine grellen Farben, kein Weißabgleich ins Kalte. Ehrlich und appetitlich statt hochglanzpoliert, so wie es zu Hause auf den Tisch kommt, keine Perfektion. Querformat 3:2, Gericht mittig mit Luft nach allen Seiten. NICHT: kein Text, keine Schrift, keine Buchstaben, kein Logo, kein Wasserzeichen, keine Hände, keine Menschen, kein Besteck in Bewegung, keine Collage, kein Rahmen, kein Rand."
bryndzov-halu-ky.jpg,bryndzov-halu-ky,Bryndzové halušky,Slowakei,Europa,Hauptgericht,Vegetarisch,"Food-Fotografie: Bryndzové halušky, Hauptgericht aus der Slowakei. Im Bild klar erkennbar: bryndza, Zwiebeln, Butter. Schrägsicht von 45 Grad, serviert in flache Servierplatte oder große Schale, eine Portion angerichtet, der Rest angedeutet im Hintergrund. Untergrund: dunkler Holztisch mit sichtbaren Gebrauchsspuren; eine emaillierte Schüssel und ein Leinentuch mit Kreuzstichkante. Natürliches Fensterlicht von links, weiche Schatten, kein Blitz, kein Studioglanz. Wie mit 50-mm-Objektiv bei Blende f/4 fotografiert, Hintergrund leicht unscharf, Gericht scharf. Gedeckte warme Palette aus Leinen, Sand und Ton, keine grellen Farben, kein Weißabgleich ins Kalte. Ehrlich und appetitlich statt hochglanzpoliert, so wie es zu Hause auf den Tisch kommt, keine Perfektion. Querformat 3:2, Gericht mittig mit Luft nach allen Seiten. NICHT: kein Text, keine Schrift, keine Buchstaben, kein Logo, kein Wasserzeichen, keine Hände, keine Menschen, kein Besteck in Bewegung, keine Collage, kein Rahmen, kein Rand."
zemiakov-placky.jpg,zemiakov-placky,Zemiakové placky,Slowakei,Europa,Beilage,Vegetarisch,"Food-Fotografie: Zemiakové placky, Beilage aus der Slowakei. Im Bild klar erkennbar: Knoblauch, getrockneter Majoran. Schrägsicht von 45 Grad, serviert in kleine Schüssel, als Teil eines größeren Tisches angedeutet. Untergrund: dunkler Holztisch mit sichtbaren Gebrauchsspuren; eine emaillierte Schüssel und ein Leinentuch mit Kreuzstichkante. Natürliches Fensterlicht von links, weiche Schatten, kein Blitz, kein Studioglanz. Wie mit 50-mm-Objektiv bei Blende f/4 fotografiert, Hintergrund leicht unscharf, Gericht scharf. Gedeckte warme Palette aus Leinen, Sand und Ton, keine grellen Farben, kein Weißabgleich ins Kalte. Ehrlich und appetitlich statt hochglanzpoliert, so wie es zu Hause auf den Tisch kommt, keine Perfektion. Querformat 3:2, Gericht mittig mit Luft nach allen Seiten. NICHT: kein Text, keine Schrift, keine Buchstaben, kein Logo, kein Wasserzeichen, keine Hände, keine Menschen, kein Besteck in Bewegung, keine Collage, kein Rahmen, kein Rand."
ance-s-makom.jpg,ance-s-makom,Šúľance s makom,Slowakei,Europa,Dessert,Vegetarisch,"Food-Fotografie: Šúľance s makom, Dessert aus der Slowakei. Im Bild klar erkennbar: gekochte Kartoffeln, gemahlener Mohn, Butter. Fast auf Augenhöhe, 20 Grad, serviert in Kuchenteller oder Glasschale, die Schichten oder die Kruste sichtbar. Untergrund: dunkler Holztisch mit sichtbaren Gebrauchsspuren; eine emaillierte Schüssel und ein Leinentuch mit Kreuzstichkante. Natürliches Fensterlicht von links, weiche Schatten, kein Blitz, kein Studioglanz. Wie mit 50-mm-Objektiv bei Blende f/4 fotografiert, Hintergrund leicht unscharf, Gericht scharf. Gedeckte warme Palette aus Leinen, Sand und Ton, keine grellen Farben, kein Weißabgleich ins Kalte. Ehrlich und appetitlich statt hochglanzpoliert, so wie es zu Hause auf den Tisch kommt, keine Perfektion. Querformat 3:2, Gericht mittig mit Luft nach allen Seiten. NICHT: kein Text, keine Schrift, keine Buchstaben, kein Logo, kein Wasserzeichen, keine Hände, keine Menschen, kein Besteck in Bewegung, keine Collage, kein Rahmen, kein Rand."
prekmurska-gibanica.jpg,prekmurska-gibanica,Prekmurska gibanica,Slowenien,Europa,Dessert,Vegetarisch,"Food-Fotografie: Prekmurska gibanica, Dessert aus Slowenien. Im Bild klar erkennbar: dünne Strudel-/Filoteigblätter, gemahlener Mohn, gemahlene Walnüsse. Fast auf Augenhöhe, 20 Grad, serviert in Kuchenteller oder Glasschale, die Schichten oder die Kruste sichtbar. Untergrund: abgenutztes dunkles Holz; ein emaillierter Krug und getrocknete Paprika am Rand. Natürliches Fensterlicht von links, weiche Schatten, kein Blitz, kein Studioglanz. Wie mit 50-mm-Objektiv bei Blende f/4 fotografiert, Hintergrund leicht unscharf, Gericht scharf. Gedeckte warme Palette aus Leinen, Sand und Ton, keine grellen Farben, kein Weißabgleich ins Kalte. Ehrlich und appetitlich statt hochglanzpoliert, so wie es zu Hause auf den Tisch kommt, keine Perfektion. Querformat 3:2, Gericht mittig mit Luft nach allen Seiten. NICHT: kein Text, keine Schrift, keine Buchstaben, kein Logo, kein Wasserzeichen, keine Hände, keine Menschen, kein Besteck in Bewegung, keine Collage, kein Rahmen, kein Rand."
truklji.jpg,truklji,Štruklji,Slowenien,Europa,Beilage,Vegetarisch,"Food-Fotografie: Štruklji, Beilage aus Slowenien. Im Bild klar erkennbar: Quark, Eier, saure Sahne. Schrägsicht von 45 Grad, serviert in kleine Schüssel, als Teil eines größeren Tisches angedeutet. Untergrund: abgenutztes dunkles Holz; ein emaillierter Krug und getrocknete Paprika am Rand. Natürliches Fensterlicht von links, weiche Schatten, kein Blitz, kein Studioglanz. Wie mit 50-mm-Objektiv bei Blende f/4 fotografiert, Hintergrund leicht unscharf, Gericht scharf. Gedeckte warme Palette aus Leinen, Sand und Ton, keine grellen Farben, kein Weißabgleich ins Kalte. Ehrlich und appetitlich statt hochglanzpoliert, so wie es zu Hause auf den Tisch kommt, keine Perfektion. Querformat 3:2, Gericht mittig mit Luft nach allen Seiten. NICHT: kein Text, keine Schrift, keine Buchstaben, kein Logo, kein Wasserzeichen, keine Hände, keine Menschen, kein Besteck in Bewegung, keine Collage, kein Rahmen, kein Rand."
ganci.jpg,ganci,Žganci,Slowenien,Europa,Frühstück,Vegetarisch,"Food-Fotografie: Žganci, Frühstück aus Slowenien. Im Bild klar erkennbar: Butter. Schrägsicht von 45 Grad, serviert auf Frühstücksbrett oder Teller, Morgenlicht, ein Tuch beiläufig danebengelegt. Untergrund: abgenutztes dunkles Holz; ein emaillierter Krug und getrocknete Paprika am Rand. Natürliches Fensterlicht von links, weiche Schatten, kein Blitz, kein Studioglanz. Wie mit 50-mm-Objektiv bei Blende f/4 fotografiert, Hintergrund leicht unscharf, Gericht scharf. Gedeckte warme Palette aus Leinen, Sand und Ton, keine grellen Farben, kein Weißabgleich ins Kalte. Ehrlich und appetitlich statt hochglanzpoliert, so wie es zu Hause auf den Tisch kommt, keine Perfektion. Querformat 3:2, Gericht mittig mit Luft nach allen Seiten. NICHT: kein Text, keine Schrift, keine Buchstaben, kein Logo, kein Wasserzeichen, keine Hände, keine Menschen, kein Besteck in Bewegung, keine Collage, kein Rahmen, kein Rand."
gazpacho-andaluz.jpg,gazpacho-andaluz,Gazpacho andaluz,Spanien,Europa,Vorspeise,"Vegetarisch, Vegan","Food-Fotografie: Gazpacho andaluz, Vorspeise aus Spanien. Im Bild klar erkennbar: reife Tomaten, Salatgurke, rüne Paprika. Aufsicht von 90 Grad, serviert auf kleiner flacher Teller, viel freie Fläche um den Teller. Untergrund: unbehandelter Terrakotta-Untergrund; ein Olivenholzbrett und ein Zweig Rosmarin am Rand. Natürliches Fensterlicht von links, weiche Schatten, kein Blitz, kein Studioglanz. Wie mit 50-mm-Objektiv bei Blende f/4 fotografiert, Hintergrund leicht unscharf, Gericht scharf. Gedeckte warme Palette aus Leinen, Sand und Ton, keine grellen Farben, kein Weißabgleich ins Kalte. Ehrlich und appetitlich statt hochglanzpoliert, so wie es zu Hause auf den Tisch kommt, keine Perfektion. Querformat 3:2, Gericht mittig mit Luft nach allen Seiten. NICHT: kein Text, keine Schrift, keine Buchstaben, kein Logo, kein Wasserzeichen, keine Hände, keine Menschen, kein Besteck in Bewegung, keine Collage, kein Rahmen, kein Rand."
paella-valenciana.jpg,paella-valenciana,Paella valenciana,Spanien,Europa,Hauptgericht,Fleisch,"Food-Fotografie: Paella valenciana, Hauptgericht aus Spanien. Im Bild klar erkennbar: Paellareis, Hähnchenteile, Kaninchenteile. Schrägsicht von 45 Grad, serviert in flache Servierplatte oder große Schale, eine Portion angerichtet, der Rest angedeutet im Hintergrund. Untergrund: unbehandelter Terrakotta-Untergrund; ein Olivenholzbrett und ein Zweig Rosmarin am Rand. Natürliches Fensterlicht von links, weiche Schatten, kein Blitz, kein Studioglanz. Wie mit 50-mm-Objektiv bei Blende f/4 fotografiert, Hintergrund leicht unscharf, Gericht scharf. Gedeckte warme Palette aus Leinen, Sand und Ton, keine grellen Farben, kein Weißabgleich ins Kalte. Ehrlich und appetitlich statt hochglanzpoliert, so wie es zu Hause auf den Tisch kommt, keine Perfektion. Querformat 3:2, Gericht mittig mit Luft nach allen Seiten. NICHT: kein Text, keine Schrift, keine Buchstaben, kein Logo, kein Wasserzeichen, keine Hände, keine Menschen, kein Besteck in Bewegung, keine Collage, kein Rahmen, kein Rand."
tortilla-espa-ola.jpg,tortilla-espa-ola,Tortilla española,Spanien,Europa,Vorspeise,Vegetarisch,"Food-Fotografie: Tortilla española, Vorspeise aus Spanien. Im Bild klar erkennbar: festkochende Kartoffeln, Zwiebel, Eier. Aufsicht von 90 Grad, serviert auf kleiner flacher Teller, viel freie Fläche um den Teller. Untergrund: unbehandelter Terrakotta-Untergrund; ein Olivenholzbrett und ein Zweig Rosmarin am Rand. Natürliches Fensterlicht von links, weiche Schatten, kein Blitz, kein Studioglanz. Wie mit 50-mm-Objektiv bei Blende f/4 fotografiert, Hintergrund leicht unscharf, Gericht scharf. Gedeckte warme Palette aus Leinen, Sand und Ton, keine grellen Farben, kein Weißabgleich ins Kalte. Ehrlich und appetitlich statt hochglanzpoliert, so wie es zu Hause auf den Tisch kommt, keine Perfektion. Querformat 3:2, Gericht mittig mit Luft nach allen Seiten. NICHT: kein Text, keine Schrift, keine Buchstaben, kein Logo, kein Wasserzeichen, keine Hände, keine Menschen, kein Besteck in Bewegung, keine Collage, kein Rahmen, kein Rand."
brambor-ky.jpg,brambor-ky,Bramboráky,Tschechien,Europa,Beilage,Vegetarisch,"Food-Fotografie: Bramboráky, Beilage aus Tschechien. Im Bild klar erkennbar: Knoblauch, getrockneter Majoran. Schrägsicht von 45 Grad, serviert in kleine Schüssel, als Teil eines größeren Tisches angedeutet. Untergrund: dunkler Holztisch mit sichtbaren Gebrauchsspuren; eine emaillierte Schüssel und ein Leinentuch mit Kreuzstichkante. Natürliches Fensterlicht von links, weiche Schatten, kein Blitz, kein Studioglanz. Wie mit 50-mm-Objektiv bei Blende f/4 fotografiert, Hintergrund leicht unscharf, Gericht scharf. Gedeckte warme Palette aus Leinen, Sand und Ton, keine grellen Farben, kein Weißabgleich ins Kalte. Ehrlich und appetitlich statt hochglanzpoliert, so wie es zu Hause auf den Tisch kommt, keine Perfektion. Querformat 3:2, Gericht mittig mit Luft nach allen Seiten. NICHT: kein Text, keine Schrift, keine Buchstaben, kein Logo, kein Wasserzeichen, keine Hände, keine Menschen, kein Besteck in Bewegung, keine Collage, kein Rahmen, kein Rand."
ovocn-knedl-ky.jpg,ovocn-knedl-ky,Ovocné knedlíky,Tschechien,Europa,Dessert,Vegetarisch,"Food-Fotografie: Ovocné knedlíky, Dessert aus Tschechien. Im Bild klar erkennbar: Quark, ganze Früchte, Butter. Fast auf Augenhöhe, 20 Grad, serviert in Kuchenteller oder Glasschale, die Schichten oder die Kruste sichtbar. Untergrund: dunkler Holztisch mit sichtbaren Gebrauchsspuren; eine emaillierte Schüssel und ein Leinentuch mit Kreuzstichkante. Natürliches Fensterlicht von links, weiche Schatten, kein Blitz, kein Studioglanz. Wie mit 50-mm-Objektiv bei Blende f/4 fotografiert, Hintergrund leicht unscharf, Gericht scharf. Gedeckte warme Palette aus Leinen, Sand und Ton, keine grellen Farben, kein Weißabgleich ins Kalte. Ehrlich und appetitlich statt hochglanzpoliert, so wie es zu Hause auf den Tisch kommt, keine Perfektion. Querformat 3:2, Gericht mittig mit Luft nach allen Seiten. NICHT: kein Text, keine Schrift, keine Buchstaben, kein Logo, kein Wasserzeichen, keine Hände, keine Menschen, kein Besteck in Bewegung, keine Collage, kein Rahmen, kein Rand."
sv-kov-na-smetan.jpg,sv-kov-na-smetan,Svíčková na smetaně,Tschechien,Europa,Hauptgericht,Fleisch,"Food-Fotografie: Svíčková na smetaně, Hauptgericht aus Tschechien. Im Bild klar erkennbar: Rinderlende oder Tafelspitz, Möhren, Knollensellerie. Schrägsicht von 45 Grad, serviert in flache Servierplatte oder große Schale, eine Portion angerichtet, der Rest angedeutet im Hintergrund. Untergrund: dunkler Holztisch mit sichtbaren Gebrauchsspuren; eine emaillierte Schüssel und ein Leinentuch mit Kreuzstichkante. Natürliches Fensterlicht von links, weiche Schatten, kein Blitz, kein Studioglanz. Wie mit 50-mm-Objektiv bei Blende f/4 fotografiert, Hintergrund leicht unscharf, Gericht scharf. Gedeckte warme Palette aus Leinen, Sand und Ton, keine grellen Farben, kein Weißabgleich ins Kalte. Ehrlich und appetitlich statt hochglanzpoliert, so wie es zu Hause auf den Tisch kommt, keine Perfektion. Querformat 3:2, Gericht mittig mit Luft nach allen Seiten. NICHT: kein Text, keine Schrift, keine Buchstaben, kein Logo, kein Wasserzeichen, keine Hände, keine Menschen, kein Besteck in Bewegung, keine Collage, kein Rahmen, kein Rand."
borsch.jpg,borsch,Borsch,Ukraine,Europa,Suppe,,"Food-Fotografie: Borsch, Suppe aus der Ukraine. Im Bild klar erkennbar: Rindfleisch mit Knochen, Rote Bete, Weißkohl. Leichte Schrägsicht von 30 Grad, serviert in tiefer Steingutteller, der Dampf gerade noch sichtbar. Untergrund: dunkler Holztisch mit sichtbaren Gebrauchsspuren; eine emaillierte Schüssel und ein Leinentuch mit Kreuzstichkante. Natürliches Fensterlicht von links, weiche Schatten, kein Blitz, kein Studioglanz. Wie mit 50-mm-Objektiv bei Blende f/4 fotografiert, Hintergrund leicht unscharf, Gericht scharf. Gedeckte warme Palette aus Leinen, Sand und Ton, keine grellen Farben, kein Weißabgleich ins Kalte. Ehrlich und appetitlich statt hochglanzpoliert, so wie es zu Hause auf den Tisch kommt, keine Perfektion. Querformat 3:2, Gericht mittig mit Luft nach allen Seiten. NICHT: kein Text, keine Schrift, keine Buchstaben, kein Logo, kein Wasserzeichen, keine Hände, keine Menschen, kein Besteck in Bewegung, keine Collage, kein Rahmen, kein Rand."
deruny.jpg,deruny,Deruny,Ukraine,Europa,Hauptgericht,Vegetarisch,"Food-Fotografie: Deruny, Hauptgericht aus der Ukraine. Im Bild klar erkennbar: Zwiebel, saure Sahne zum Servieren. Schrägsicht von 45 Grad, serviert in flache Servierplatte oder große Schale, eine Portion angerichtet, der Rest angedeutet im Hintergrund. Untergrund: dunkler Holztisch mit sichtbaren Gebrauchsspuren; eine emaillierte Schüssel und ein Leinentuch mit Kreuzstichkante. Natürliches Fensterlicht von links, weiche Schatten, kein Blitz, kein Studioglanz. Wie mit 50-mm-Objektiv bei Blende f/4 fotografiert, Hintergrund leicht unscharf, Gericht scharf. Gedeckte warme Palette aus Leinen, Sand und Ton, keine grellen Farben, kein Weißabgleich ins Kalte. Ehrlich und appetitlich statt hochglanzpoliert, so wie es zu Hause auf den Tisch kommt, keine Perfektion. Querformat 3:2, Gericht mittig mit Luft nach allen Seiten. NICHT: kein Text, keine Schrift, keine Buchstaben, kein Logo, kein Wasserzeichen, keine Hände, keine Menschen, kein Besteck in Bewegung, keine Collage, kein Rahmen, kein Rand."
varenyky.jpg,varenyky,Varenyky,Ukraine,Europa,Hauptgericht,Vegetarisch,"Food-Fotografie: Varenyky, Hauptgericht aus der Ukraine. Im Bild klar erkennbar: gekochte Kartoffeln, Quark, Zwiebeln. Schrägsicht von 45 Grad, serviert in flache Servierplatte oder große Schale, eine Portion angerichtet, der Rest angedeutet im Hintergrund. Untergrund: dunkler Holztisch mit sichtbaren Gebrauchsspuren; eine emaillierte Schüssel und ein Leinentuch mit Kreuzstichkante. Natürliches Fensterlicht von links, weiche Schatten, kein Blitz, kein Studioglanz. Wie mit 50-mm-Objektiv bei Blende f/4 fotografiert, Hintergrund leicht unscharf, Gericht scharf. Gedeckte warme Palette aus Leinen, Sand und Ton, keine grellen Farben, kein Weißabgleich ins Kalte. Ehrlich und appetitlich statt hochglanzpoliert, so wie es zu Hause auf den Tisch kommt, keine Perfektion. Querformat 3:2, Gericht mittig mit Luft nach allen Seiten. NICHT: kein Text, keine Schrift, keine Buchstaben, kein Logo, kein Wasserzeichen, keine Hände, keine Menschen, kein Besteck in Bewegung, keine Collage, kein Rahmen, kein Rand."
dobos-torta.jpg,dobos-torta,Dobos torta,Ungarn,Europa,Dessert,Vegetarisch,"Food-Fotografie: Dobos torta, Dessert aus Ungarn. Im Bild klar erkennbar: Eier, Butter, Zartbitterschokolade. Fast auf Augenhöhe, 20 Grad, serviert in Kuchenteller oder Glasschale, die Schichten oder die Kruste sichtbar. Untergrund: dunkler Holztisch mit sichtbaren Gebrauchsspuren; eine emaillierte Schüssel und ein Leinentuch mit Kreuzstichkante. Natürliches Fensterlicht von links, weiche Schatten, kein Blitz, kein Studioglanz. Wie mit 50-mm-Objektiv bei Blende f/4 fotografiert, Hintergrund leicht unscharf, Gericht scharf. Gedeckte warme Palette aus Leinen, Sand und Ton, keine grellen Farben, kein Weißabgleich ins Kalte. Ehrlich und appetitlich statt hochglanzpoliert, so wie es zu Hause auf den Tisch kommt, keine Perfektion. Querformat 3:2, Gericht mittig mit Luft nach allen Seiten. NICHT: kein Text, keine Schrift, keine Buchstaben, kein Logo, kein Wasserzeichen, keine Hände, keine Menschen, kein Besteck in Bewegung, keine Collage, kein Rahmen, kein Rand."
guly-s.jpg,guly-s,Gulyás,Ungarn,Europa,Suppe,Fleisch,"Food-Fotografie: Gulyás, Suppe aus Ungarn. Im Bild klar erkennbar: Rindfleisch, Zwiebeln, edelsüßes Paprikapulver. Leichte Schrägsicht von 30 Grad, serviert in tiefer Steingutteller, der Dampf gerade noch sichtbar. Untergrund: dunkler Holztisch mit sichtbaren Gebrauchsspuren; eine emaillierte Schüssel und ein Leinentuch mit Kreuzstichkante. Natürliches Fensterlicht von links, weiche Schatten, kein Blitz, kein Studioglanz. Wie mit 50-mm-Objektiv bei Blende f/4 fotografiert, Hintergrund leicht unscharf, Gericht scharf. Gedeckte warme Palette aus Leinen, Sand und Ton, keine grellen Farben, kein Weißabgleich ins Kalte. Ehrlich und appetitlich statt hochglanzpoliert, so wie es zu Hause auf den Tisch kommt, keine Perfektion. Querformat 3:2, Gericht mittig mit Luft nach allen Seiten. NICHT: kein Text, keine Schrift, keine Buchstaben, kein Logo, kein Wasserzeichen, keine Hände, keine Menschen, kein Besteck in Bewegung, keine Collage, kein Rahmen, kein Rand."
hal-szl.jpg,hal-szl,Halászlé,Ungarn,Europa,Suppe,Fisch,"Food-Fotografie: Halászlé, Suppe aus Ungarn. Im Bild klar erkennbar: Zwiebeln, edelsüßes Paprikapulver, scharfes Paprikapulver. Leichte Schrägsicht von 30 Grad, serviert in tiefer Steingutteller, der Dampf gerade noch sichtbar. Untergrund: dunkler Holztisch mit sichtbaren Gebrauchsspuren; eine emaillierte Schüssel und ein Leinentuch mit Kreuzstichkante. Natürliches Fensterlicht von links, weiche Schatten, kein Blitz, kein Studioglanz. Wie mit 50-mm-Objektiv bei Blende f/4 fotografiert, Hintergrund leicht unscharf, Gericht scharf. Gedeckte warme Palette aus Leinen, Sand und Ton, keine grellen Farben, kein Weißabgleich ins Kalte. Ehrlich und appetitlich statt hochglanzpoliert, so wie es zu Hause auf den Tisch kommt, keine Perfektion. Querformat 3:2, Gericht mittig mit Luft nach allen Seiten. NICHT: kein Text, keine Schrift, keine Buchstaben, kein Logo, kein Wasserzeichen, keine Hände, keine Menschen, kein Besteck in Bewegung, keine Collage, kein Rahmen, kein Rand."
cacio-e-pepe.jpg,cacio-e-pepe,Cacio e pepe,Vatikanstadt,Europa,Hauptgericht,Vegetarisch,"Food-Fotografie: Cacio e pepe, Hauptgericht aus der Vatikanstadt. Im Bild klar erkennbar: Pasta, Pecorino Romano. Schrägsicht von 45 Grad, serviert in flache Servierplatte oder große Schale, eine Portion angerichtet, der Rest angedeutet im Hintergrund. Untergrund: unbehandelter Terrakotta-Untergrund; ein Olivenholzbrett und ein Zweig Rosmarin am Rand. Natürliches Fensterlicht von links, weiche Schatten, kein Blitz, kein Studioglanz. Wie mit 50-mm-Objektiv bei Blende f/4 fotografiert, Hintergrund leicht unscharf, Gericht scharf. Gedeckte warme Palette aus Leinen, Sand und Ton, keine grellen Farben, kein Weißabgleich ins Kalte. Ehrlich und appetitlich statt hochglanzpoliert, so wie es zu Hause auf den Tisch kommt, keine Perfektion. Querformat 3:2, Gericht mittig mit Luft nach allen Seiten. NICHT: kein Text, keine Schrift, keine Buchstaben, kein Logo, kein Wasserzeichen, keine Hände, keine Menschen, kein Besteck in Bewegung, keine Collage, kein Rahmen, kein Rand."
carciofi-alla-romana.jpg,carciofi-alla-romana,Carciofi alla romana,Vatikanstadt,Europa,Vorspeise,"Vegetarisch, Vegan","Food-Fotografie: Carciofi alla romana, Vorspeise aus der Vatikanstadt. Im Bild klar erkennbar: roße Artischocken, Minze, Petersilie. Aufsicht von 90 Grad, serviert auf kleiner flacher Teller, viel freie Fläche um den Teller. Untergrund: unbehandelter Terrakotta-Untergrund; ein Olivenholzbrett und ein Zweig Rosmarin am Rand. Natürliches Fensterlicht von links, weiche Schatten, kein Blitz, kein Studioglanz. Wie mit 50-mm-Objektiv bei Blende f/4 fotografiert, Hintergrund leicht unscharf, Gericht scharf. Gedeckte warme Palette aus Leinen, Sand und Ton, keine grellen Farben, kein Weißabgleich ins Kalte. Ehrlich und appetitlich statt hochglanzpoliert, so wie es zu Hause auf den Tisch kommt, keine Perfektion. Querformat 3:2, Gericht mittig mit Luft nach allen Seiten. NICHT: kein Text, keine Schrift, keine Buchstaben, kein Logo, kein Wasserzeichen, keine Hände, keine Menschen, kein Besteck in Bewegung, keine Collage, kein Rahmen, kein Rand."
maritozzi.jpg,maritozzi,Maritozzi,Vatikanstadt,Europa,Frühstück,Vegetarisch,"Food-Fotografie: Maritozzi, Frühstück aus der Vatikanstadt. Im Bild klar erkennbar: lauwarme Milch, Butter, Bio-Orange. Schrägsicht von 45 Grad, serviert auf Frühstücksbrett oder Teller, Morgenlicht, ein Tuch beiläufig danebengelegt. Untergrund: unbehandelter Terrakotta-Untergrund; ein Olivenholzbrett und ein Zweig Rosmarin am Rand. Natürliches Fensterlicht von links, weiche Schatten, kein Blitz, kein Studioglanz. Wie mit 50-mm-Objektiv bei Blende f/4 fotografiert, Hintergrund leicht unscharf, Gericht scharf. Gedeckte warme Palette aus Leinen, Sand und Ton, keine grellen Farben, kein Weißabgleich ins Kalte. Ehrlich und appetitlich statt hochglanzpoliert, so wie es zu Hause auf den Tisch kommt, keine Perfektion. Querformat 3:2, Gericht mittig mit Luft nach allen Seiten. NICHT: kein Text, keine Schrift, keine Buchstaben, kein Logo, kein Wasserzeichen, keine Hände, keine Menschen, kein Besteck in Bewegung, keine Collage, kein Rahmen, kein Rand."
fish-and-chips.jpg,fish-and-chips,Fish and Chips,Vereinigtes Königreich,Europa,Hauptgericht,Fisch,"Food-Fotografie: Fish and Chips, Hauptgericht aus dem Vereinigten Königreich. Im Bild klar erkennbar: Filets von Kabeljau oder Schellfisch, kaltes Bier, grüne Erbsen. Schrägsicht von 45 Grad, serviert in flache Servierplatte oder große Schale, eine Portion angerichtet, der Rest angedeutet im Hintergrund. Untergrund: dunkelgrün gestrichenes Holz; eine gusseiserne Pfanne und eine Tasse starker Tee am Rand. Natürliches Fensterlicht von links, weiche Schatten, kein Blitz, kein Studioglanz. Wie mit 50-mm-Objektiv bei Blende f/4 fotografiert, Hintergrund leicht unscharf, Gericht scharf. Gedeckte warme Palette aus Leinen, Sand und Ton, keine grellen Farben, kein Weißabgleich ins Kalte. Ehrlich und appetitlich statt hochglanzpoliert, so wie es zu Hause auf den Tisch kommt, keine Perfektion. Querformat 3:2, Gericht mittig mit Luft nach allen Seiten. NICHT: kein Text, keine Schrift, keine Buchstaben, kein Logo, kein Wasserzeichen, keine Hände, keine Menschen, kein Besteck in Bewegung, keine Collage, kein Rahmen, kein Rand."
scones.jpg,scones,Scones,Vereinigtes Königreich,Europa,Frühstück,Vegetarisch,"Food-Fotografie: Scones, Frühstück aus dem Vereinigten Königreich. Im Bild klar erkennbar: kalte Butter, Milch, Clotted Cream und Marmelade zum Servieren. Schrägsicht von 45 Grad, serviert auf Frühstücksbrett oder Teller, Morgenlicht, ein Tuch beiläufig danebengelegt. Untergrund: dunkelgrün gestrichenes Holz; eine gusseiserne Pfanne und eine Tasse starker Tee am Rand. Natürliches Fensterlicht von links, weiche Schatten, kein Blitz, kein Studioglanz. Wie mit 50-mm-Objektiv bei Blende f/4 fotografiert, Hintergrund leicht unscharf, Gericht scharf. Gedeckte warme Palette aus Leinen, Sand und Ton, keine grellen Farben, kein Weißabgleich ins Kalte. Ehrlich und appetitlich statt hochglanzpoliert, so wie es zu Hause auf den Tisch kommt, keine Perfektion. Querformat 3:2, Gericht mittig mit Luft nach allen Seiten. NICHT: kein Text, keine Schrift, keine Buchstaben, kein Logo, kein Wasserzeichen, keine Hände, keine Menschen, kein Besteck in Bewegung, keine Collage, kein Rahmen, kein Rand."
shepherd-s-pie.jpg,shepherd-s-pie,Shepherd's Pie,Vereinigtes Königreich,Europa,Hauptgericht,"Fleisch, Lamm","Food-Fotografie: Shepherd's Pie, Hauptgericht aus dem Vereinigten Königreich. Im Bild klar erkennbar: Lammhack, Möhren, Zwiebel. Schrägsicht von 45 Grad, serviert in flache Servierplatte oder große Schale, eine Portion angerichtet, der Rest angedeutet im Hintergrund. Untergrund: dunkelgrün gestrichenes Holz; eine gusseiserne Pfanne und eine Tasse starker Tee am Rand. Natürliches Fensterlicht von links, weiche Schatten, kein Blitz, kein Studioglanz. Wie mit 50-mm-Objektiv bei Blende f/4 fotografiert, Hintergrund leicht unscharf, Gericht scharf. Gedeckte warme Palette aus Leinen, Sand und Ton, keine grellen Farben, kein Weißabgleich ins Kalte. Ehrlich und appetitlich statt hochglanzpoliert, so wie es zu Hause auf den Tisch kommt, keine Perfektion. Querformat 3:2, Gericht mittig mit Luft nach allen Seiten. NICHT: kein Text, keine Schrift, keine Buchstaben, kein Logo, kein Wasserzeichen, keine Hände, keine Menschen, kein Besteck in Bewegung, keine Collage, kein Rahmen, kein Rand."
sachertorte.jpg,sachertorte,Sachertorte,Österreich,Europa,Dessert,Vegetarisch,"Food-Fotografie: Sachertorte, Dessert aus Österreich. Im Bild klar erkennbar: Zartbitterschokolade, Butter, Eier. Fast auf Augenhöhe, 20 Grad, serviert in Kuchenteller oder Glasschale, die Schichten oder die Kruste sichtbar. Untergrund: geöltes Eichenholz; ein Steingutkrug und ein karierter Tuchzipfel am Rand. Natürliches Fensterlicht von links, weiche Schatten, kein Blitz, kein Studioglanz. Wie mit 50-mm-Objektiv bei Blende f/4 fotografiert, Hintergrund leicht unscharf, Gericht scharf. Gedeckte warme Palette aus Leinen, Sand und Ton, keine grellen Farben, kein Weißabgleich ins Kalte. Ehrlich und appetitlich statt hochglanzpoliert, so wie es zu Hause auf den Tisch kommt, keine Perfektion. Querformat 3:2, Gericht mittig mit Luft nach allen Seiten. NICHT: kein Text, keine Schrift, keine Buchstaben, kein Logo, kein Wasserzeichen, keine Hände, keine Menschen, kein Besteck in Bewegung, keine Collage, kein Rahmen, kein Rand."
tafelspitz.jpg,tafelspitz,Tafelspitz,Österreich,Europa,Hauptgericht,Fleisch,"Food-Fotografie: Tafelspitz, Hauptgericht aus Österreich. Im Bild klar erkennbar: Tafelspitz, Möhren, Knollensellerie. Schrägsicht von 45 Grad, serviert in flache Servierplatte oder große Schale, eine Portion angerichtet, der Rest angedeutet im Hintergrund. Untergrund: geöltes Eichenholz; ein Steingutkrug und ein karierter Tuchzipfel am Rand. Natürliches Fensterlicht von links, weiche Schatten, kein Blitz, kein Studioglanz. Wie mit 50-mm-Objektiv bei Blende f/4 fotografiert, Hintergrund leicht unscharf, Gericht scharf. Gedeckte warme Palette aus Leinen, Sand und Ton, keine grellen Farben, kein Weißabgleich ins Kalte. Ehrlich und appetitlich statt hochglanzpoliert, so wie es zu Hause auf den Tisch kommt, keine Perfektion. Querformat 3:2, Gericht mittig mit Luft nach allen Seiten. NICHT: kein Text, keine Schrift, keine Buchstaben, kein Logo, kein Wasserzeichen, keine Hände, keine Menschen, kein Besteck in Bewegung, keine Collage, kein Rahmen, kein Rand."
wiener-schnitzel.jpg,wiener-schnitzel,Wiener Schnitzel,Österreich,Europa,Hauptgericht,Fleisch,"Food-Fotografie: Wiener Schnitzel, Hauptgericht aus Österreich. Im Bild klar erkennbar: Kalbsschnitzel, Eier, Semmelbrösel. Schrägsicht von 45 Grad, serviert in flache Servierplatte oder große Schale, eine Portion angerichtet, der Rest angedeutet im Hintergrund. Untergrund: geöltes Eichenholz; ein Steingutkrug und ein karierter Tuchzipfel am Rand. Natürliches Fensterlicht von links, weiche Schatten, kein Blitz, kein Studioglanz. Wie mit 50-mm-Objektiv bei Blende f/4 fotografiert, Hintergrund leicht unscharf, Gericht scharf. Gedeckte warme Palette aus Leinen, Sand und Ton, keine grellen Farben, kein Weißabgleich ins Kalte. Ehrlich und appetitlich statt hochglanzpoliert, so wie es zu Hause auf den Tisch kommt, keine Perfektion. Querformat 3:2, Gericht mittig mit Luft nach allen Seiten. NICHT: kein Text, keine Schrift, keine Buchstaben, kein Logo, kein Wasserzeichen, keine Hände, keine Menschen, kein Besteck in Bewegung, keine Collage, kein Rahmen, kein Rand."
